date,number of articles,number of newspapers,epu
2000-01-05,2,2,1
2000-01-06,2,2,1
2000-01-08,1,2,0.5
2000-01-14,1,2,0.5
2000-01-15,1,2,0.5
2000-01-18,1,2,0.5
2000-01-20,1,2,0.5
2000-01-21,1,2,0.5
2000-01-26,1,2,0.5
2000-01-27,1,2,0.5
2000-01-28,2,2,1
2000-01-29,2,2,1
2000-02-01,1,2,0.5
2000-02-03,2,2,1
2000-02-04,5,2,2.5
2000-02-09,1,2,0.5
2000-02-12,1,2,0.5
2000-02-18,3,2,1.5
2000-02-24,1,2,0.5
2000-02-25,1,2,0.5
2000-02-28,1,2,0.5
2000-02-29,1,2,0.5
2000-03-01,1,2,0.5
2000-03-02,3,2,1.5
2000-03-03,5,2,2.5
2000-03-06,1,2,0.5
2000-03-07,3,2,1.5
2000-03-08,1,2,0.5
2000-03-09,2,2,1
2000-03-10,1,2,0.5
2000-03-13,2,2,1
2000-03-14,1,2,0.5
2000-03-15,2,2,1
2000-03-17,1,2,0.5
2000-03-18,3,2,1.5
2000-03-21,6,2,3
2000-03-22,1,2,0.5
2000-03-24,1,2,0.5
2000-03-27,1,2,0.5
2000-03-28,2,2,1
2000-03-29,1,2,0.5
2000-04-01,2,2,1
2000-04-04,1,2,0.5
2000-04-06,1,2,0.5
2000-04-07,2,2,1
2000-04-08,1,2,0.5
2000-04-11,1,2,0.5
2000-04-12,3,2,1.5
2000-04-14,1,2,0.5
2000-04-18,3,2,1.5
2000-04-20,2,2,1
2000-04-21,3,2,1.5
2000-04-22,1,2,0.5
2000-04-26,2,2,1
2000-04-27,2,2,1
2000-04-28,3,2,1.5
2000-04-29,2,2,1
2000-05-02,4,2,2
2000-05-03,3,2,1.5
2000-05-04,1,2,0.5
2000-05-06,1,2,0.5
2000-05-09,2,2,1
2000-05-10,1,2,0.5
2000-05-11,1,2,0.5
2000-05-12,1,2,0.5
2000-05-13,1,2,0.5
2000-05-17,1,2,0.5
2000-05-19,1,2,0.5
2000-05-20,3,2,1.5
2000-05-23,2,2,1
2000-05-25,1,2,0.5
2000-05-26,1,2,0.5
2000-05-27,3,2,1.5
2000-05-30,1,2,0.5
2000-05-31,1,2,0.5
2000-06-02,3,2,1.5
2000-06-07,3,2,1.5
2000-06-09,1,2,0.5
2000-06-10,1,2,0.5
2000-06-13,1,2,0.5
2000-06-14,1,2,0.5
2000-06-16,2,2,1
2000-06-17,2,2,1
2000-06-20,1,2,0.5
2000-06-21,1,2,0.5
2000-06-24,1,2,0.5
2000-06-27,1,2,0.5
2000-06-28,2,2,1
2000-07-01,1,2,0.5
2000-07-05,1,2,0.5
2000-07-06,2,2,1
2000-07-07,2,2,1
2000-07-08,2,2,1
2000-07-12,2,2,1
2000-07-13,2,2,1
2000-07-15,2,2,1
2000-07-18,3,2,1.5
2000-07-20,2,2,1
2000-07-22,5,2,2.5
2000-07-27,1,2,0.5
2000-07-29,2,2,1
2000-08-01,1,2,0.5
2000-08-03,2,2,1
2000-08-04,1,2,0.5
2000-08-10,1,2,0.5
2000-08-12,1,2,0.5
2000-08-16,2,2,1
2000-08-18,1,2,0.5
2000-08-20,1,2,0.5
2000-08-24,1,2,0.5
2000-08-26,1,2,0.5
2000-08-29,1,2,0.5
2000-08-31,2,2,1
2000-09-01,1,2,0.5
2000-09-02,1,2,0.5
2000-09-05,3,2,1.5
2000-09-06,2,2,1
2000-09-07,1,2,0.5
2000-09-08,1,2,0.5
2000-09-09,1,2,0.5
2000-09-13,1,2,0.5
2000-09-14,1,2,0.5
2000-09-18,1,2,0.5
2000-09-20,6,2,3
2000-09-21,3,2,1.5
2000-09-23,1,2,0.5
2000-09-27,2,2,1
2000-09-28,1,2,0.5
2000-09-29,3,2,1.5
2000-09-30,2,2,1
2000-10-04,1,2,0.5
2000-10-06,1,2,0.5
2000-10-07,1,2,0.5
2000-10-10,1,2,0.5
2000-10-11,1,2,0.5
2000-10-12,1,2,0.5
2000-10-13,2,2,1
2000-10-14,1,2,0.5
2000-10-17,3,2,1.5
2000-10-18,2,2,1
2000-10-19,4,2,2
2000-10-20,1,2,0.5
2000-10-21,1,2,0.5
2000-10-25,1,2,0.5
2000-10-26,1,2,0.5
2000-10-27,4,2,2
2000-10-28,2,2,1
2000-11-03,1,2,0.5
2000-11-09,1,2,0.5
2000-11-10,2,2,1
2000-11-13,1,2,0.5
2000-11-14,1,2,0.5
2000-11-15,1,2,0.5
2000-11-16,4,2,2
2000-11-17,1,2,0.5
2000-11-18,2,2,1
2000-11-21,3,2,1.5
2000-11-23,3,2,1.5
2000-11-24,2,2,1
2000-11-25,2,2,1
2000-11-28,2,2,1
2000-11-29,2,2,1
2000-11-30,1,2,0.5
2000-12-01,1,2,0.5
2000-12-02,1,2,0.5
2000-12-05,3,2,1.5
2000-12-07,1,2,0.5
2000-12-08,2,2,1
2000-12-09,1,2,0.5
2000-12-12,1,2,0.5
2000-12-13,1,2,0.5
2000-12-14,3,2,1.5
2000-12-15,2,2,1
2000-12-16,2,2,1
2000-12-19,1,2,0.5
2000-12-20,2,2,1
2000-12-21,2,2,1
2000-12-22,1,2,0.5
2000-12-23,2,2,1
2000-12-26,2,2,1
2000-12-27,1,2,0.5
2000-12-28,3,2,1.5
2000-12-29,3,2,1.5
2000-12-30,2,2,1
2001-01-02,3,2,1.5
2001-01-04,3,2,1.5
2001-01-06,1,2,0.5
2001-01-09,1,2,0.5
2001-01-10,1,2,0.5
2001-01-11,1,2,0.5
2001-01-12,2,2,1
2001-01-13,1,2,0.5
2001-01-20,1,2,0.5
2001-01-23,1,2,0.5
2001-01-24,1,2,0.5
2001-01-25,4,2,2
2001-01-26,2,2,1
2001-01-27,3,2,1.5
2001-01-31,1,2,0.5
2001-02-01,1,2,0.5
2001-02-02,4,2,2
2001-02-03,5,2,2.5
2001-02-06,1,2,0.5
2001-02-07,1,2,0.5
2001-02-08,1,2,0.5
2001-02-09,2,2,1
2001-02-13,4,2,2
2001-02-14,2,2,1
2001-02-15,1,2,0.5
2001-02-16,3,2,1.5
2001-02-17,2,2,1
2001-02-20,1,2,0.5
2001-02-24,2,2,1
2001-02-26,1,2,0.5
2001-02-28,1,2,0.5
2001-03-01,1,2,0.5
2001-03-02,2,2,1
2001-03-03,1,2,0.5
2001-03-08,4,2,2
2001-03-09,3,2,1.5
2001-03-10,1,2,0.5
2001-03-13,3,2,1.5
2001-03-14,3,2,1.5
2001-03-16,2,2,1
2001-03-17,2,2,1
2001-03-20,1,2,0.5
2001-03-21,1,2,0.5
2001-03-22,2,2,1
2001-03-23,1,2,0.5
2001-03-24,5,2,2.5
2001-03-28,2,2,1
2001-03-29,2,2,1
2001-03-30,2,2,1
2001-03-31,1,2,0.5
2001-04-03,3,2,1.5
2001-04-05,1,2,0.5
2001-04-06,1,2,0.5
2001-04-07,2,2,1
2001-04-11,3,2,1.5
2001-04-12,4,2,2
2001-04-18,1,2,0.5
2001-04-19,3,2,1.5
2001-04-20,2,2,1
2001-04-21,2,2,1
2001-04-24,3,2,1.5
2001-04-25,2,2,1
2001-04-26,1,2,0.5
2001-04-27,3,2,1.5
2001-04-28,2,2,1
2001-05-02,2,2,1
2001-05-03,1,2,0.5
2001-05-04,1,2,0.5
2001-05-05,2,2,1
2001-05-08,1,2,0.5
2001-05-09,1,2,0.5
2001-05-11,3,2,1.5
2001-05-12,1,2,0.5
2001-05-13,1,2,0.5
2001-05-17,1,2,0.5
2001-05-19,3,2,1.5
2001-05-21,1,2,0.5
2001-05-22,1,2,0.5
2001-05-25,1,2,0.5
2001-05-26,3,2,1.5
2001-05-30,4,2,2
2001-05-31,5,2,2.5
2001-06-01,3,3,1
2001-06-02,1,3,0.333333333
2001-06-05,2,3,0.666666667
2001-06-06,3,3,1
2001-06-09,1,3,0.333333333
2001-06-12,1,3,0.333333333
2001-06-13,2,3,0.666666667
2001-06-14,2,3,0.666666667
2001-06-15,4,3,1.333333333
2001-06-16,4,3,1.333333333
2001-06-19,1,3,0.333333333
2001-06-20,3,3,1
2001-06-21,3,3,1
2001-06-23,3,3,1
2001-06-26,2,3,0.666666667
2001-06-27,1,3,0.333333333
2001-06-28,6,3,2
2001-06-29,6,3,2
2001-06-30,3,3,1
2001-07-03,2,3,0.666666667
2001-07-04,1,3,0.333333333
2001-07-05,2,3,0.666666667
2001-07-06,2,3,0.666666667
2001-07-07,2,3,0.666666667
2001-07-10,1,3,0.333333333
2001-07-11,2,3,0.666666667
2001-07-12,3,3,1
2001-07-13,4,3,1.333333333
2001-07-14,1,3,0.333333333
2001-07-18,1,3,0.333333333
2001-07-19,1,3,0.333333333
2001-07-20,1,3,0.333333333
2001-07-24,1,3,0.333333333
2001-07-27,1,3,0.333333333
2001-07-31,2,3,0.666666667
2001-08-02,1,3,0.333333333
2001-08-03,1,3,0.333333333
2001-08-09,1,3,0.333333333
2001-08-10,2,3,0.666666667
2001-08-16,1,3,0.333333333
2001-08-17,1,3,0.333333333
2001-08-18,1,3,0.333333333
2001-08-20,1,3,0.333333333
2001-08-21,2,3,0.666666667
2001-08-22,3,3,1
2001-08-23,3,3,1
2001-08-24,1,3,0.333333333
2001-08-25,6,3,2
2001-08-28,2,3,0.666666667
2001-08-29,1,3,0.333333333
2001-08-30,3,3,1
2001-08-31,4,3,1.333333333
2001-09-04,2,3,0.666666667
2001-09-05,1,3,0.333333333
2001-09-06,1,3,0.333333333
2001-09-08,2,3,0.666666667
2001-09-11,1,3,0.333333333
2001-09-13,3,3,1
2001-09-14,3,3,1
2001-09-15,1,3,0.333333333
2001-09-18,3,3,1
2001-09-19,2,3,0.666666667
2001-09-20,2,3,0.666666667
2001-09-21,4,3,1.333333333
2001-09-22,4,3,1.333333333
2001-09-24,1,3,0.333333333
2001-09-25,1,3,0.333333333
2001-09-26,1,3,0.333333333
2001-09-27,2,3,0.666666667
2001-09-28,1,3,0.333333333
2001-09-29,2,3,0.666666667
2001-10-02,3,3,1
2001-10-03,1,3,0.333333333
2001-10-04,2,3,0.666666667
2001-10-05,1,3,0.333333333
2001-10-06,2,3,0.666666667
2001-10-08,1,3,0.333333333
2001-10-09,3,3,1
2001-10-10,2,3,0.666666667
2001-10-11,2,3,0.666666667
2001-10-12,3,3,1
2001-10-13,1,3,0.333333333
2001-10-14,1,3,0.333333333
2001-10-16,2,3,0.666666667
2001-10-17,3,3,1
2001-10-18,3,3,1
2001-10-19,4,3,1.333333333
2001-10-20,2,3,0.666666667
2001-10-23,2,3,0.666666667
2001-10-24,2,3,0.666666667
2001-10-25,2,3,0.666666667
2001-10-26,1,3,0.333333333
2001-10-27,3,3,1
2001-10-30,1,3,0.333333333
2001-11-06,1,3,0.333333333
2001-11-07,2,3,0.666666667
2001-11-08,1,3,0.333333333
2001-11-09,2,3,0.666666667
2001-11-10,1,3,0.333333333
2001-11-13,2,3,0.666666667
2001-11-14,2,3,0.666666667
2001-11-15,3,3,1
2001-11-16,2,3,0.666666667
2001-11-17,1,3,0.333333333
2001-11-20,1,3,0.333333333
2001-11-21,3,3,1
2001-11-22,3,3,1
2001-11-27,1,3,0.333333333
2001-11-28,1,3,0.333333333
2001-11-29,3,3,1
2001-11-30,2,3,0.666666667
2001-12-01,1,3,0.333333333
2001-12-02,1,3,0.333333333
2001-12-04,4,3,1.333333333
2001-12-05,1,3,0.333333333
2001-12-07,1,3,0.333333333
2001-12-10,1,3,0.333333333
2001-12-11,1,3,0.333333333
2001-12-12,1,3,0.333333333
2001-12-14,3,3,1
2001-12-15,2,3,0.666666667
2001-12-18,2,3,0.666666667
2001-12-19,3,3,1
2001-12-20,1,3,0.333333333
2001-12-29,1,3,0.333333333
2001-12-31,4,3,1.333333333
2002-01-02,3,3,1
2002-01-03,1,3,0.333333333
2002-01-04,1,3,0.333333333
2002-01-05,4,3,1.333333333
2002-01-10,1,3,0.333333333
2002-01-11,2,3,0.666666667
2002-01-12,2,3,0.666666667
2002-01-15,1,3,0.333333333
2002-01-16,2,3,0.666666667
2002-01-18,2,3,0.666666667
2002-01-19,2,3,0.666666667
2002-01-21,1,3,0.333333333
2002-01-22,1,3,0.333333333
2002-01-24,2,3,0.666666667
2002-01-26,1,3,0.333333333
2002-01-29,1,3,0.333333333
2002-01-30,1,3,0.333333333
2002-01-31,1,3,0.333333333
2002-02-01,2,3,0.666666667
2002-02-05,1,3,0.333333333
2002-02-07,1,3,0.333333333
2002-02-08,1,3,0.333333333
2002-02-09,1,3,0.333333333
2002-02-13,2,3,0.666666667
2002-02-15,2,3,0.666666667
2002-02-20,2,3,0.666666667
2002-02-21,4,3,1.333333333
2002-02-23,3,3,1
2002-02-26,2,3,0.666666667
2002-02-27,1,3,0.333333333
2002-02-28,1,3,0.333333333
2002-03-06,1,3,0.333333333
2002-03-07,2,3,0.666666667
2002-03-08,1,3,0.333333333
2002-03-12,1,3,0.333333333
2002-03-13,1,3,0.333333333
2002-03-14,1,3,0.333333333
2002-03-19,2,3,0.666666667
2002-03-20,1,3,0.333333333
2002-03-21,1,3,0.333333333
2002-03-26,2,3,0.666666667
2002-03-27,4,3,1.333333333
2002-03-28,2,3,0.666666667
2002-03-29,3,3,1
2002-04-02,1,3,0.333333333
2002-04-03,1,3,0.333333333
2002-04-04,1,3,0.333333333
2002-04-05,1,3,0.333333333
2002-04-06,3,3,1
2002-04-12,2,3,0.666666667
2002-04-13,1,3,0.333333333
2002-04-18,1,3,0.333333333
2002-04-19,2,3,0.666666667
2002-04-20,2,3,0.666666667
2002-04-24,1,3,0.333333333
2002-04-25,1,3,0.333333333
2002-04-26,1,3,0.333333333
2002-04-27,2,3,0.666666667
2002-05-02,1,3,0.333333333
2002-05-03,1,3,0.333333333
2002-05-04,1,3,0.333333333
2002-05-07,2,3,0.666666667
2002-05-08,2,3,0.666666667
2002-05-10,2,3,0.666666667
2002-05-14,4,3,1.333333333
2002-05-17,3,3,1
2002-05-21,1,3,0.333333333
2002-05-22,1,3,0.333333333
2002-05-23,1,3,0.333333333
2002-05-28,1,3,0.333333333
2002-05-31,1,3,0.333333333
2002-06-01,1,3,0.333333333
2002-06-04,1,3,0.333333333
2002-06-05,1,3,0.333333333
2002-06-06,1,3,0.333333333
2002-06-07,1,3,0.333333333
2002-06-10,1,3,0.333333333
2002-06-12,1,3,0.333333333
2002-06-13,1,3,0.333333333
2002-06-14,1,3,0.333333333
2002-06-17,1,3,0.333333333
2002-06-18,1,3,0.333333333
2002-06-22,2,3,0.666666667
2002-06-26,1,3,0.333333333
2002-06-28,4,3,1.333333333
2002-06-29,1,3,0.333333333
2002-07-02,1,3,0.333333333
2002-07-03,3,3,1
2002-07-04,3,3,1
2002-07-05,4,3,1.333333333
2002-07-06,3,3,1
2002-07-09,1,3,0.333333333
2002-07-10,2,3,0.666666667
2002-07-11,3,3,1
2002-07-12,1,3,0.333333333
2002-07-13,2,3,0.666666667
2002-07-16,2,3,0.666666667
2002-07-17,1,3,0.333333333
2002-07-19,2,3,0.666666667
2002-07-20,1,3,0.333333333
2002-07-23,1,3,0.333333333
2002-07-25,2,3,0.666666667
2002-07-27,1,3,0.333333333
2002-07-29,1,3,0.333333333
2002-07-31,1,3,0.333333333
2002-08-01,1,3,0.333333333
2002-08-03,1,3,0.333333333
2002-08-05,2,3,0.666666667
2002-08-06,11,3,3.666666667
2002-08-08,3,3,1
2002-08-09,2,3,0.666666667
2002-08-10,1,3,0.333333333
2002-08-16,4,3,1.333333333
2002-08-17,1,3,0.333333333
2002-08-20,3,3,1
2002-08-23,3,3,1
2002-08-27,1,3,0.333333333
2002-08-28,1,3,0.333333333
2002-08-29,1,3,0.333333333
2002-09-02,2,3,0.666666667
2002-09-03,2,3,0.666666667
2002-09-04,1,3,0.333333333
2002-09-05,4,3,1.333333333
2002-09-06,2,3,0.666666667
2002-09-07,5,3,1.666666667
2002-09-09,2,3,0.666666667
2002-09-10,5,3,1.666666667
2002-09-11,1,3,0.333333333
2002-09-12,5,3,1.666666667
2002-09-18,1,3,0.333333333
2002-09-19,1,3,0.333333333
2002-09-20,2,3,0.666666667
2002-09-24,2,3,0.666666667
2002-09-25,8,3,2.666666667
2002-09-26,7,3,2.333333333
2002-09-27,8,3,2.666666667
2002-09-28,1,3,0.333333333
2002-09-30,1,3,0.333333333
2002-10-01,4,3,1.333333333
2002-10-02,8,3,2.666666667
2002-10-04,3,3,1
2002-10-05,2,3,0.666666667
2002-10-07,2,3,0.666666667
2002-10-08,8,3,2.666666667
2002-10-09,9,3,3
2002-10-10,6,3,2
2002-10-11,1,3,0.333333333
2002-10-15,1,3,0.333333333
2002-10-16,1,3,0.333333333
2002-10-17,2,3,0.666666667
2002-10-18,2,3,0.666666667
2002-10-21,2,3,0.666666667
2002-10-22,4,3,1.333333333
2002-10-23,3,3,1
2002-10-25,3,3,1
2002-10-28,3,3,1
2002-10-29,3,3,1
2002-10-30,2,3,0.666666667
2002-10-31,1,3,0.333333333
2002-11-02,1,3,0.333333333
2002-11-04,2,3,0.666666667
2002-11-05,1,3,0.333333333
2002-11-06,4,3,1.333333333
2002-11-07,3,3,1
2002-11-08,4,3,1.333333333
2002-11-11,1,3,0.333333333
2002-11-12,1,3,0.333333333
2002-11-13,7,3,2.333333333
2002-11-14,5,3,1.666666667
2002-11-15,3,3,1
2002-11-18,1,3,0.333333333
2002-11-19,1,3,0.333333333
2002-11-20,3,3,1
2002-11-21,5,3,1.666666667
2002-11-22,5,3,1.666666667
2002-11-23,2,3,0.666666667
2002-11-26,1,3,0.333333333
2002-11-28,4,3,1.333333333
2002-11-29,2,3,0.666666667
2002-11-30,2,3,0.666666667
2002-12-03,3,3,1
2002-12-04,3,3,1
2002-12-05,5,3,1.666666667
2002-12-06,2,3,0.666666667
2002-12-07,4,3,1.333333333
2002-12-09,3,3,1
2002-12-10,3,3,1
2002-12-11,4,3,1.333333333
2002-12-12,5,3,1.666666667
2002-12-13,8,3,2.666666667
2002-12-14,2,3,0.666666667
2002-12-16,1,3,0.333333333
2002-12-17,2,3,0.666666667
2002-12-18,1,3,0.333333333
2002-12-19,5,3,1.666666667
2002-12-20,4,3,1.333333333
2002-12-26,5,3,1.666666667
2002-12-27,1,3,0.333333333
2002-12-28,1,3,0.333333333
2002-12-30,3,3,1
2002-12-31,5,3,1.666666667
2003-01-01,1,3,0.333333333
2003-01-03,1,3,0.333333333
2003-01-04,3,3,1
2003-01-06,4,3,1.333333333
2003-01-07,3,3,1
2003-01-08,2,3,0.666666667
2003-01-09,4,3,1.333333333
2003-01-10,4,3,1.333333333
2003-01-11,4,3,1.333333333
2003-01-14,4,3,1.333333333
2003-01-15,2,3,0.666666667
2003-01-17,2,3,0.666666667
2003-01-18,1,3,0.333333333
2003-01-21,4,3,1.333333333
2003-01-22,4,3,1.333333333
2003-01-23,4,3,1.333333333
2003-01-24,2,3,0.666666667
2003-01-25,2,3,0.666666667
2003-01-27,1,3,0.333333333
2003-01-28,2,3,0.666666667
2003-01-29,3,3,1
2003-01-31,1,3,0.333333333
2003-02-04,1,3,0.333333333
2003-02-05,4,3,1.333333333
2003-02-06,5,3,1.666666667
2003-02-07,3,3,1
2003-02-08,1,3,0.333333333
2003-02-11,2,3,0.666666667
2003-02-12,2,3,0.666666667
2003-02-13,3,3,1
2003-02-14,1,3,0.333333333
2003-02-17,3,3,1
2003-02-18,1,3,0.333333333
2003-02-19,7,3,2.333333333
2003-02-20,3,3,1
2003-02-22,1,3,0.333333333
2003-02-24,1,3,0.333333333
2003-02-25,2,3,0.666666667
2003-02-26,1,3,0.333333333
2003-02-27,3,3,1
2003-02-28,2,3,0.666666667
2003-03-01,2,3,0.666666667
2003-03-04,2,3,0.666666667
2003-03-05,5,3,1.666666667
2003-03-06,6,3,2
2003-03-07,4,3,1.333333333
2003-03-08,2,3,0.666666667
2003-03-10,2,3,0.666666667
2003-03-11,3,3,1
2003-03-12,3,3,1
2003-03-13,2,3,0.666666667
2003-03-14,1,3,0.333333333
2003-03-17,1,3,0.333333333
2003-03-18,4,3,1.333333333
2003-03-19,2,3,0.666666667
2003-03-20,1,3,0.333333333
2003-03-21,2,3,0.666666667
2003-03-22,2,3,0.666666667
2003-03-25,1,3,0.333333333
2003-03-27,3,3,1
2003-03-28,2,3,0.666666667
2003-03-29,1,3,0.333333333
2003-04-01,2,3,0.666666667
2003-04-03,4,3,1.333333333
2003-04-04,7,3,2.333333333
2003-04-08,5,3,1.666666667
2003-04-09,8,3,2.666666667
2003-04-10,3,3,1
2003-04-11,3,3,1
2003-04-12,1,3,0.333333333
2003-04-14,2,3,0.666666667
2003-04-15,1,3,0.333333333
2003-04-17,3,3,1
2003-04-18,2,3,0.666666667
2003-04-21,1,3,0.333333333
2003-04-22,1,3,0.333333333
2003-04-23,3,3,1
2003-04-24,1,3,0.333333333
2003-04-25,5,3,1.666666667
2003-04-28,1,3,0.333333333
2003-04-29,3,3,1
2003-04-30,4,3,1.333333333
2003-05-01,1,3,0.333333333
2003-05-02,1,3,0.333333333
2003-05-06,2,3,0.666666667
2003-05-07,5,3,1.666666667
2003-05-08,15,3,5
2003-05-09,4,3,1.333333333
2003-05-12,1,3,0.333333333
2003-05-13,3,3,1
2003-05-14,7,3,2.333333333
2003-05-15,1,3,0.333333333
2003-05-16,2,3,0.666666667
2003-05-19,2,3,0.666666667
2003-05-20,3,3,1
2003-05-21,2,3,0.666666667
2003-05-22,5,3,1.666666667
2003-05-23,4,3,1.333333333
2003-05-24,4,3,1.333333333
2003-05-26,2,3,0.666666667
2003-05-27,5,3,1.666666667
2003-05-28,2,3,0.666666667
2003-05-29,1,3,0.333333333
2003-05-30,3,3,1
2003-06-02,2,3,0.666666667
2003-06-03,7,3,2.333333333
2003-06-04,3,3,1
2003-06-05,4,3,1.333333333
2003-06-06,3,3,1
2003-06-07,2,3,0.666666667
2003-06-10,1,3,0.333333333
2003-06-11,8,3,2.666666667
2003-06-12,7,3,2.333333333
2003-06-13,6,3,2
2003-06-14,2,3,0.666666667
2003-06-17,1,3,0.333333333
2003-06-18,6,3,2
2003-06-19,3,3,1
2003-06-23,1,3,0.333333333
2003-06-24,2,3,0.666666667
2003-06-25,2,3,0.666666667
2003-06-26,9,3,3
2003-06-27,7,3,2.333333333
2003-06-30,2,3,0.666666667
2003-07-01,5,3,1.666666667
2003-07-02,11,3,3.666666667
2003-07-03,5,3,1.666666667
2003-07-04,3,3,1
2003-07-05,4,3,1.333333333
2003-07-08,5,3,1.666666667
2003-07-09,6,3,2
2003-07-10,5,3,1.666666667
2003-07-11,1,3,0.333333333
2003-07-14,1,3,0.333333333
2003-07-15,5,3,1.666666667
2003-07-16,1,3,0.333333333
2003-07-17,1,3,0.333333333
2003-07-18,1,3,0.333333333
2003-07-19,1,3,0.333333333
2003-07-22,1,3,0.333333333
2003-07-23,1,3,0.333333333
2003-07-24,3,3,1
2003-07-25,1,3,0.333333333
2003-07-26,1,3,0.333333333
2003-07-27,2,3,0.666666667
2003-07-28,1,3,0.333333333
2003-07-30,3,3,1
2003-07-31,3,3,1
2003-08-01,3,3,1
2003-08-02,1,3,0.333333333
2003-08-04,2,3,0.666666667
2003-08-05,5,3,1.666666667
2003-08-06,3,3,1
2003-08-07,2,3,0.666666667
2003-08-08,1,3,0.333333333
2003-08-09,5,3,1.666666667
2003-08-12,1,3,0.333333333
2003-08-14,2,3,0.666666667
2003-08-16,1,3,0.333333333
2003-08-19,1,3,0.333333333
2003-08-20,2,3,0.666666667
2003-08-21,1,3,0.333333333
2003-08-22,3,3,1
2003-08-26,1,3,0.333333333
2003-08-27,1,3,0.333333333
2003-08-28,1,3,0.333333333
2003-08-29,3,3,1
2003-09-01,1,3,0.333333333
2003-09-02,1,3,0.333333333
2003-09-03,3,3,1
2003-09-04,10,3,3.333333333
2003-09-05,3,3,1
2003-09-07,1,3,0.333333333
2003-09-09,3,3,1
2003-09-10,5,3,1.666666667
2003-09-11,1,3,0.333333333
2003-09-12,3,3,1
2003-09-13,2,3,0.666666667
2003-09-16,7,3,2.333333333
2003-09-17,1,3,0.333333333
2003-09-18,5,3,1.666666667
2003-09-19,5,3,1.666666667
2003-09-20,3,3,1
2003-09-22,1,3,0.333333333
2003-09-23,2,3,0.666666667
2003-09-24,3,3,1
2003-09-25,1,3,0.333333333
2003-09-26,3,3,1
2003-09-29,1,3,0.333333333
2003-09-30,5,3,1.666666667
2003-10-01,3,3,1
2003-10-02,8,3,2.666666667
2003-10-03,1,3,0.333333333
2003-10-04,3,3,1
2003-10-06,2,3,0.666666667
2003-10-07,1,3,0.333333333
2003-10-08,2,3,0.666666667
2003-10-09,6,3,2
2003-10-10,5,3,1.666666667
2003-10-11,3,3,1
2003-10-13,3,3,1
2003-10-14,5,3,1.666666667
2003-10-15,2,3,0.666666667
2003-10-16,2,3,0.666666667
2003-10-17,4,3,1.333333333
2003-10-18,2,3,0.666666667
2003-10-20,1,3,0.333333333
2003-10-21,2,3,0.666666667
2003-10-22,5,3,1.666666667
2003-10-23,2,3,0.666666667
2003-10-29,1,3,0.333333333
2003-10-30,3,3,1
2003-10-31,5,3,1.666666667
2003-11-03,2,3,0.666666667
2003-11-04,1,3,0.333333333
2003-11-05,3,3,1
2003-11-06,3,3,1
2003-11-07,2,3,0.666666667
2003-11-10,2,3,0.666666667
2003-11-13,1,3,0.333333333
2003-11-14,2,3,0.666666667
2003-11-15,1,3,0.333333333
2003-11-18,1,3,0.333333333
2003-11-20,2,3,0.666666667
2003-11-21,1,3,0.333333333
2003-11-24,2,3,0.666666667
2003-11-25,2,3,0.666666667
2003-11-26,4,3,1.333333333
2003-11-27,4,3,1.333333333
2003-11-28,4,3,1.333333333
2003-11-29,2,3,0.666666667
2003-12-02,2,3,0.666666667
2003-12-03,2,3,0.666666667
2003-12-04,3,3,1
2003-12-05,2,3,0.666666667
2003-12-08,1,3,0.333333333
2003-12-09,3,3,1
2003-12-10,3,3,1
2003-12-11,3,3,1
2003-12-12,1,3,0.333333333
2003-12-15,3,3,1
2003-12-16,3,3,1
2003-12-17,3,3,1
2003-12-19,2,3,0.666666667
2003-12-20,1,3,0.333333333
2003-12-22,1,3,0.333333333
2003-12-23,1,3,0.333333333
2003-12-24,1,3,0.333333333
2003-12-26,1,3,0.333333333
2003-12-27,1,3,0.333333333
2003-12-29,2,3,0.666666667
2003-12-31,1,3,0.333333333
2004-01-03,1,3,0.333333333
2004-01-06,3,3,1
2004-01-07,2,3,0.666666667
2004-01-08,5,3,1.666666667
2004-01-09,7,3,2.333333333
2004-01-12,1,3,0.333333333
2004-01-15,1,3,0.333333333
2004-01-16,7,3,2.333333333
2004-01-17,4,3,1.333333333
2004-01-19,2,3,0.666666667
2004-01-21,3,3,1
2004-01-22,2,3,0.666666667
2004-01-23,3,3,1
2004-01-24,2,3,0.666666667
2004-01-29,1,3,0.333333333
2004-01-30,1,3,0.333333333
2004-02-04,1,3,0.333333333
2004-02-05,2,3,0.666666667
2004-02-06,3,3,1
2004-02-07,1,3,0.333333333
2004-02-09,2,3,0.666666667
2004-02-11,2,3,0.666666667
2004-02-12,1,3,0.333333333
2004-02-14,1,3,0.333333333
2004-02-17,2,3,0.666666667
2004-02-18,7,3,2.333333333
2004-02-19,1,3,0.333333333
2004-02-20,1,3,0.333333333
2004-02-23,1,3,0.333333333
2004-02-24,1,3,0.333333333
2004-02-26,4,3,1.333333333
2004-02-27,2,3,0.666666667
2004-03-01,2,3,0.666666667
2004-03-03,1,3,0.333333333
2004-03-04,2,3,0.666666667
2004-03-05,3,3,1
2004-03-06,2,3,0.666666667
2004-03-08,1,3,0.333333333
2004-03-09,2,3,0.666666667
2004-03-11,4,3,1.333333333
2004-03-12,2,3,0.666666667
2004-03-13,1,3,0.333333333
2004-03-15,1,3,0.333333333
2004-03-16,1,3,0.333333333
2004-03-21,1,3,0.333333333
2004-03-22,1,3,0.333333333
2004-03-23,4,3,1.333333333
2004-03-24,3,3,1
2004-03-25,1,3,0.333333333
2004-03-26,5,3,1.666666667
2004-03-27,2,3,0.666666667
2004-03-30,1,3,0.333333333
2004-03-31,2,3,0.666666667
2004-04-02,3,3,1
2004-04-03,1,3,0.333333333
2004-04-05,2,3,0.666666667
2004-04-07,3,3,1
2004-04-08,6,3,2
2004-04-10,1,3,0.333333333
2004-04-12,1,3,0.333333333
2004-04-14,1,3,0.333333333
2004-04-15,1,3,0.333333333
2004-04-20,3,3,1
2004-04-21,1,3,0.333333333
2004-04-22,1,3,0.333333333
2004-04-23,2,3,0.666666667
2004-04-24,5,3,1.666666667
2004-04-26,1,3,0.333333333
2004-04-28,1,3,0.333333333
2004-04-30,1,3,0.333333333
2004-05-04,2,3,0.666666667
2004-05-05,3,3,1
2004-05-06,3,3,1
2004-05-07,1,3,0.333333333
2004-05-08,2,3,0.666666667
2004-05-10,2,3,0.666666667
2004-05-11,2,3,0.666666667
2004-05-12,5,3,1.666666667
2004-05-13,3,3,1
2004-05-14,2,3,0.666666667
2004-05-16,1,3,0.333333333
2004-05-17,6,3,2
2004-05-18,5,3,1.666666667
2004-05-19,1,3,0.333333333
2004-05-20,1,3,0.333333333
2004-05-21,1,3,0.333333333
2004-05-22,2,3,0.666666667
2004-05-24,1,3,0.333333333
2004-05-25,1,3,0.333333333
2004-05-26,2,3,0.666666667
2004-05-27,2,3,0.666666667
2004-05-28,5,3,1.666666667
2004-05-29,3,3,1
2004-05-31,1,3,0.333333333
2004-06-02,3,3,1
2004-06-03,3,3,1
2004-06-04,6,3,2
2004-06-05,3,3,1
2004-06-07,2,3,0.666666667
2004-06-08,5,3,1.666666667
2004-06-09,5,3,1.666666667
2004-06-10,4,3,1.333333333
2004-06-11,1,3,0.333333333
2004-06-12,2,3,0.666666667
2004-06-13,1,3,0.333333333
2004-06-15,4,3,1.333333333
2004-06-17,1,3,0.333333333
2004-06-19,3,3,1
2004-06-24,5,3,1.666666667
2004-06-25,4,3,1.333333333
2004-06-26,1,3,0.333333333
2004-06-29,3,3,1
2004-06-30,3,3,1
2004-07-01,6,3,2
2004-07-02,2,3,0.666666667
2004-07-03,2,3,0.666666667
2004-07-05,5,3,1.666666667
2004-07-06,1,3,0.333333333
2004-07-07,1,3,0.333333333
2004-07-08,4,3,1.333333333
2004-07-10,1,3,0.333333333
2004-07-12,2,3,0.666666667
2004-07-13,2,3,0.666666667
2004-07-15,5,3,1.666666667
2004-07-16,1,3,0.333333333
2004-07-20,1,3,0.333333333
2004-07-22,2,3,0.666666667
2004-07-24,1,3,0.333333333
2004-07-26,1,3,0.333333333
2004-07-27,1,3,0.333333333
2004-07-30,3,3,1
2004-07-31,1,3,0.333333333
2004-08-03,3,3,1
2004-08-04,1,3,0.333333333
2004-08-05,1,3,0.333333333
2004-08-06,3,3,1
2004-08-07,1,3,0.333333333
2004-08-09,2,3,0.666666667
2004-08-12,1,3,0.333333333
2004-08-13,2,3,0.666666667
2004-08-14,1,3,0.333333333
2004-08-17,2,3,0.666666667
2004-08-18,1,3,0.333333333
2004-08-24,2,3,0.666666667
2004-08-25,1,3,0.333333333
2004-08-27,4,3,1.333333333
2004-08-31,3,3,1
2004-09-01,2,3,0.666666667
2004-09-02,4,3,1.333333333
2004-09-03,2,3,0.666666667
2004-09-04,2,3,0.666666667
2004-09-06,1,3,0.333333333
2004-09-07,1,3,0.333333333
2004-09-08,2,3,0.666666667
2004-09-09,4,3,1.333333333
2004-09-11,2,3,0.666666667
2004-09-12,1,3,0.333333333
2004-09-13,1,3,0.333333333
2004-09-14,2,3,0.666666667
2004-09-16,2,3,0.666666667
2004-09-17,1,3,0.333333333
2004-09-18,1,3,0.333333333
2004-09-21,3,3,1
2004-09-22,6,3,2
2004-09-23,3,3,1
2004-09-24,4,3,1.333333333
2004-09-25,2,3,0.666666667
2004-09-29,1,3,0.333333333
2004-09-30,4,3,1.333333333
2004-10-01,3,3,1
2004-10-02,3,3,1
2004-10-04,1,3,0.333333333
2004-10-06,1,3,0.333333333
2004-10-07,2,3,0.666666667
2004-10-08,4,3,1.333333333
2004-10-09,2,3,0.666666667
2004-10-12,3,3,1
2004-10-13,3,3,1
2004-10-14,2,3,0.666666667
2004-10-15,4,3,1.333333333
2004-10-17,1,3,0.333333333
2004-10-18,2,3,0.666666667
2004-10-19,4,3,1.333333333
2004-10-20,5,3,1.666666667
2004-10-21,2,3,0.666666667
2004-10-22,2,3,0.666666667
2004-10-25,1,3,0.333333333
2004-10-26,5,3,1.666666667
2004-10-27,4,3,1.333333333
2004-10-29,2,3,0.666666667
2004-11-02,1,3,0.333333333
2004-11-03,1,3,0.333333333
2004-11-04,8,3,2.666666667
2004-11-05,2,3,0.666666667
2004-11-06,1,3,0.333333333
2004-11-09,5,3,1.666666667
2004-11-10,3,3,1
2004-11-11,2,3,0.666666667
2004-11-12,1,3,0.333333333
2004-11-15,2,3,0.666666667
2004-11-17,1,3,0.333333333
2004-11-18,2,3,0.666666667
2004-11-19,2,3,0.666666667
2004-11-22,1,3,0.333333333
2004-11-23,6,3,2
2004-11-24,8,3,2.666666667
2004-11-25,2,3,0.666666667
2004-11-26,2,3,0.666666667
2004-11-28,1,3,0.333333333
2004-11-29,3,3,1
2004-11-30,5,3,1.666666667
2004-12-01,3,3,1
2004-12-02,4,3,1.333333333
2004-12-03,5,3,1.666666667
2004-12-04,2,3,0.666666667
2004-12-06,1,3,0.333333333
2004-12-07,2,3,0.666666667
2004-12-08,5,3,1.666666667
2004-12-09,2,3,0.666666667
2004-12-10,1,3,0.333333333
2004-12-11,3,3,1
2004-12-13,2,3,0.666666667
2004-12-14,2,3,0.666666667
2004-12-15,3,3,1
2004-12-16,7,3,2.333333333
2004-12-17,1,3,0.333333333
2004-12-18,2,3,0.666666667
2004-12-20,2,3,0.666666667
2004-12-21,2,3,0.666666667
2004-12-22,2,3,0.666666667
2004-12-23,5,3,1.666666667
2004-12-24,2,3,0.666666667
2004-12-27,3,3,1
2004-12-28,2,3,0.666666667
2004-12-29,3,3,1
2004-12-30,2,3,0.666666667
2004-12-31,2,3,0.666666667
2005-01-04,3,3,1
2005-01-07,2,3,0.666666667
2005-01-10,2,3,0.666666667
2005-01-11,3,3,1
2005-01-12,1,3,0.333333333
2005-01-13,10,3,3.333333333
2005-01-14,2,3,0.666666667
2005-01-15,1,3,0.333333333
2005-01-17,3,3,1
2005-01-18,3,3,1
2005-01-19,4,3,1.333333333
2005-01-20,1,3,0.333333333
2005-01-21,2,3,0.666666667
2005-01-22,2,3,0.666666667
2005-01-24,3,3,1
2005-01-25,1,3,0.333333333
2005-01-26,2,3,0.666666667
2005-01-27,3,3,1
2005-01-28,1,3,0.333333333
2005-02-01,2,3,0.666666667
2005-02-02,2,3,0.666666667
2005-02-03,4,3,1.333333333
2005-02-04,2,3,0.666666667
2005-02-05,1,3,0.333333333
2005-02-06,1,3,0.333333333
2005-02-07,2,3,0.666666667
2005-02-08,2,3,0.666666667
2005-02-09,4,3,1.333333333
2005-02-10,1,3,0.333333333
2005-02-11,2,3,0.666666667
2005-02-14,7,3,2.333333333
2005-02-15,4,3,1.333333333
2005-02-16,4,3,1.333333333
2005-02-17,1,3,0.333333333
2005-02-18,8,3,2.666666667
2005-02-23,2,3,0.666666667
2005-02-24,1,3,0.333333333
2005-02-26,1,3,0.333333333
2005-02-27,1,3,0.333333333
2005-03-01,1,3,0.333333333
2005-03-02,6,3,2
2005-03-03,9,3,3
2005-03-04,3,3,1
2005-03-07,3,3,1
2005-03-08,2,3,0.666666667
2005-03-09,4,3,1.333333333
2005-03-10,9,3,3
2005-03-11,4,3,1.333333333
2005-03-12,1,3,0.333333333
2005-03-14,3,3,1
2005-03-15,3,3,1
2005-03-16,1,3,0.333333333
2005-03-17,1,3,0.333333333
2005-03-18,4,3,1.333333333
2005-03-19,1,3,0.333333333
2005-03-20,1,3,0.333333333
2005-03-21,4,3,1.333333333
2005-03-22,4,3,1.333333333
2005-03-23,6,3,2
2005-03-24,3,3,1
2005-03-25,3,3,1
2005-03-28,1,3,0.333333333
2005-03-29,3,3,1
2005-03-30,3,3,1
2005-03-31,2,3,0.666666667
2005-04-01,4,3,1.333333333
2005-04-04,5,3,1.666666667
2005-04-05,7,3,2.333333333
2005-04-06,1,3,0.333333333
2005-04-07,3,3,1
2005-04-08,1,3,0.333333333
2005-04-09,1,3,0.333333333
2005-04-11,3,3,1
2005-04-12,2,3,0.666666667
2005-04-13,6,3,2
2005-04-14,7,3,2.333333333
2005-04-15,1,3,0.333333333
2005-04-16,1,3,0.333333333
2005-04-17,1,3,0.333333333
2005-04-18,3,3,1
2005-04-19,6,3,2
2005-04-20,7,3,2.333333333
2005-04-21,1,3,0.333333333
2005-04-22,3,3,1
2005-04-23,1,3,0.333333333
2005-04-24,2,3,0.666666667
2005-04-25,3,3,1
2005-04-27,1,3,0.333333333
2005-04-28,2,3,0.666666667
2005-04-29,6,3,2
2005-04-30,3,3,1
2005-05-02,2,3,0.666666667
2005-05-03,5,3,1.666666667
2005-05-04,6,3,2
2005-05-06,3,3,1
2005-05-09,1,3,0.333333333
2005-05-10,1,3,0.333333333
2005-05-11,1,3,0.333333333
2005-05-12,4,3,1.333333333
2005-05-13,2,3,0.666666667
2005-05-14,2,3,0.666666667
2005-05-15,1,3,0.333333333
2005-05-16,2,3,0.666666667
2005-05-17,3,3,1
2005-05-18,1,3,0.333333333
2005-05-19,4,3,1.333333333
2005-05-20,2,3,0.666666667
2005-05-22,1,3,0.333333333
2005-05-24,14,3,4.666666667
2005-05-25,11,3,3.666666667
2005-05-26,6,3,2
2005-05-27,3,3,1
2005-05-28,1,3,0.333333333
2005-05-30,9,3,3
2005-05-31,3,3,1
2005-06-01,4,3,1.333333333
2005-06-02,14,3,4.666666667
2005-06-03,5,3,1.666666667
2005-06-04,8,3,2.666666667
2005-06-06,2,3,0.666666667
2005-06-07,4,3,1.333333333
2005-06-08,4,3,1.333333333
2005-06-09,2,3,0.666666667
2005-06-10,3,3,1
2005-06-11,1,3,0.333333333
2005-06-13,3,3,1
2005-06-14,11,3,3.666666667
2005-06-15,1,3,0.333333333
2005-06-16,8,3,2.666666667
2005-06-17,5,3,1.666666667
2005-06-18,6,3,2
2005-06-20,2,3,0.666666667
2005-06-21,3,3,1
2005-06-22,7,3,2.333333333
2005-06-23,1,3,0.333333333
2005-06-24,2,3,0.666666667
2005-06-25,2,3,0.666666667
2005-06-27,7,3,2.333333333
2005-06-28,4,3,1.333333333
2005-06-29,3,3,1
2005-06-30,4,3,1.333333333
2005-07-01,4,3,1.333333333
2005-07-02,1,3,0.333333333
2005-07-04,7,3,2.333333333
2005-07-06,3,3,1
2005-07-07,5,3,1.666666667
2005-07-08,3,3,1
2005-07-09,1,3,0.333333333
2005-07-11,4,3,1.333333333
2005-07-12,2,3,0.666666667
2005-07-13,3,3,1
2005-07-14,2,3,0.666666667
2005-07-15,5,3,1.666666667
2005-07-16,2,3,0.666666667
2005-07-19,1,3,0.333333333
2005-07-20,4,3,1.333333333
2005-07-21,1,3,0.333333333
2005-07-22,1,3,0.333333333
2005-07-25,1,3,0.333333333
2005-07-27,1,3,0.333333333
2005-07-28,1,3,0.333333333
2005-07-29,4,3,1.333333333
2005-07-30,1,3,0.333333333
2005-07-31,1,3,0.333333333
2005-08-01,1,3,0.333333333
2005-08-02,1,3,0.333333333
2005-08-03,2,3,0.666666667
2005-08-04,3,3,1
2005-08-06,1,3,0.333333333
2005-08-08,1,3,0.333333333
2005-08-09,1,3,0.333333333
2005-08-10,4,3,1.333333333
2005-08-11,2,3,0.666666667
2005-08-12,3,3,1
2005-08-19,1,3,0.333333333
2005-08-20,1,3,0.333333333
2005-08-22,2,3,0.666666667
2005-08-23,1,3,0.333333333
2005-08-24,3,3,1
2005-08-27,5,3,1.666666667
2005-08-28,2,3,0.666666667
2005-08-29,5,3,1.666666667
2005-08-30,1,3,0.333333333
2005-08-31,1,3,0.333333333
2005-09-01,4,3,1.333333333
2005-09-02,6,3,2
2005-09-03,1,3,0.333333333
2005-09-04,1,3,0.333333333
2005-09-05,3,3,1
2005-09-06,2,3,0.666666667
2005-09-07,3,3,1
2005-09-08,3,3,1
2005-09-09,3,3,1
2005-09-12,2,3,0.666666667
2005-09-13,1,3,0.333333333
2005-09-14,2,3,0.666666667
2005-09-15,1,3,0.333333333
2005-09-16,2,3,0.666666667
2005-09-17,4,3,1.333333333
2005-09-19,6,3,2
2005-09-20,8,3,2.666666667
2005-09-21,7,3,2.333333333
2005-09-22,1,3,0.333333333
2005-09-23,2,3,0.666666667
2005-09-24,2,3,0.666666667
2005-09-26,2,3,0.666666667
2005-09-27,1,3,0.333333333
2005-09-28,4,3,1.333333333
2005-09-29,9,3,3
2005-09-30,15,3,5
2005-10-01,2,3,0.666666667
2005-10-02,1,3,0.333333333
2005-10-03,3,3,1
2005-10-04,4,3,1.333333333
2005-10-05,5,3,1.666666667
2005-10-06,6,3,2
2005-10-07,6,3,2
2005-10-08,2,3,0.666666667
2005-10-10,1,3,0.333333333
2005-10-11,4,3,1.333333333
2005-10-12,8,3,2.666666667
2005-10-13,5,3,1.666666667
2005-10-14,1,3,0.333333333
2005-10-15,6,3,2
2005-10-17,7,3,2.333333333
2005-10-18,5,3,1.666666667
2005-10-19,3,3,1
2005-10-20,1,3,0.333333333
2005-10-21,8,3,2.666666667
2005-10-22,3,3,1
2005-10-24,4,3,1.333333333
2005-10-25,2,3,0.666666667
2005-10-26,2,3,0.666666667
2005-10-27,6,3,2
2005-10-28,5,3,1.666666667
2005-10-29,1,3,0.333333333
2005-10-30,1,3,0.333333333
2005-10-31,2,3,0.666666667
2005-11-03,4,3,1.333333333
2005-11-04,3,3,1
2005-11-05,4,3,1.333333333
2005-11-07,1,3,0.333333333
2005-11-08,5,3,1.666666667
2005-11-09,4,3,1.333333333
2005-11-10,3,3,1
2005-11-12,3,3,1
2005-11-13,1,3,0.333333333
2005-11-14,1,3,0.333333333
2005-11-15,3,3,1
2005-11-16,5,3,1.666666667
2005-11-17,7,3,2.333333333
2005-11-18,4,3,1.333333333
2005-11-19,3,3,1
2005-11-21,8,3,2.666666667
2005-11-22,7,3,2.333333333
2005-11-23,5,3,1.666666667
2005-11-24,1,3,0.333333333
2005-11-25,3,3,1
2005-11-26,3,3,1
2005-11-28,1,3,0.333333333
2005-11-29,6,3,2
2005-11-30,2,3,0.666666667
2005-12-01,7,3,2.333333333
2005-12-02,5,3,1.666666667
2005-12-03,2,3,0.666666667
2005-12-05,10,3,3.333333333
2005-12-06,7,3,2.333333333
2005-12-07,2,3,0.666666667
2005-12-08,3,3,1
2005-12-10,1,3,0.333333333
2005-12-12,2,3,0.666666667
2005-12-13,4,3,1.333333333
2005-12-14,4,3,1.333333333
2005-12-15,3,3,1
2005-12-16,2,3,0.666666667
2005-12-17,1,3,0.333333333
2005-12-19,1,3,0.333333333
2005-12-20,6,3,2
2005-12-22,3,3,1
2005-12-23,2,3,0.666666667
2005-12-28,2,3,0.666666667
2005-12-29,4,3,1.333333333
2005-12-30,4,3,1.333333333
2005-12-31,4,3,1.333333333
2006-01-03,3,3,1
2006-01-04,4,3,1.333333333
2006-01-05,6,3,2
2006-01-06,5,3,1.666666667
2006-01-07,1,3,0.333333333
2006-01-09,5,3,1.666666667
2006-01-10,2,3,0.666666667
2006-01-11,2,3,0.666666667
2006-01-12,3,3,1
2006-01-13,10,3,3.333333333
2006-01-14,4,3,1.333333333
2006-01-16,3,3,1
2006-01-17,4,3,1.333333333
2006-01-18,3,3,1
2006-01-19,2,3,0.666666667
2006-01-20,2,3,0.666666667
2006-01-21,1,3,0.333333333
2006-01-22,3,3,1
2006-01-23,1,3,0.333333333
2006-01-24,1,3,0.333333333
2006-01-25,3,3,1
2006-01-26,2,3,0.666666667
2006-01-27,3,3,1
2006-01-30,3,3,1
2006-02-01,6,3,2
2006-02-02,5,3,1.666666667
2006-02-03,3,3,1
2006-02-04,2,3,0.666666667
2006-02-06,3,3,1
2006-02-07,5,3,1.666666667
2006-02-08,1,3,0.333333333
2006-02-09,2,3,0.666666667
2006-02-10,2,3,0.666666667
2006-02-11,1,3,0.333333333
2006-02-13,5,3,1.666666667
2006-02-14,7,3,2.333333333
2006-02-15,2,3,0.666666667
2006-02-16,7,3,2.333333333
2006-02-17,4,3,1.333333333
2006-02-18,1,3,0.333333333
2006-02-20,4,3,1.333333333
2006-02-21,1,3,0.333333333
2006-02-22,4,3,1.333333333
2006-02-23,2,3,0.666666667
2006-02-24,6,3,2
2006-02-25,1,3,0.333333333
2006-02-27,2,3,0.666666667
2006-02-28,4,3,1.333333333
2006-03-01,12,3,4
2006-03-02,13,3,4.333333333
2006-03-03,1,3,0.333333333
2006-03-04,1,3,0.333333333
2006-03-06,6,3,2
2006-03-07,4,3,1.333333333
2006-03-08,1,3,0.333333333
2006-03-09,7,3,2.333333333
2006-03-10,2,3,0.666666667
2006-03-11,3,3,1
2006-03-13,2,3,0.666666667
2006-03-14,6,3,2
2006-03-15,2,3,0.666666667
2006-03-18,1,3,0.333333333
2006-03-21,4,3,1.333333333
2006-03-23,4,3,1.333333333
2006-03-24,4,3,1.333333333
2006-03-25,3,3,1
2006-03-26,1,3,0.333333333
2006-03-27,7,3,2.333333333
2006-03-28,8,3,2.666666667
2006-03-29,8,3,2.666666667
2006-03-30,3,3,1
2006-03-31,4,3,1.333333333
2006-04-03,4,3,1.333333333
2006-04-04,3,3,1
2006-04-05,1,3,0.333333333
2006-04-06,7,3,2.333333333
2006-04-07,1,3,0.333333333
2006-04-08,3,3,1
2006-04-10,3,3,1
2006-04-11,2,3,0.666666667
2006-04-12,6,3,2
2006-04-13,3,3,1
2006-04-14,7,3,2.333333333
2006-04-17,1,3,0.333333333
2006-04-18,2,3,0.666666667
2006-04-19,4,3,1.333333333
2006-04-20,6,3,2
2006-04-21,3,3,1
2006-04-22,1,3,0.333333333
2006-04-24,7,3,2.333333333
2006-04-25,1,3,0.333333333
2006-04-26,3,3,1
2006-04-27,3,3,1
2006-04-28,7,3,2.333333333
2006-04-29,3,3,1
2006-05-01,1,3,0.333333333
2006-05-02,13,3,4.333333333
2006-05-03,2,3,0.666666667
2006-05-04,4,3,1.333333333
2006-05-05,4,3,1.333333333
2006-05-06,3,3,1
2006-05-08,6,3,2
2006-05-09,8,3,2.666666667
2006-05-10,2,3,0.666666667
2006-05-11,9,3,3
2006-05-12,5,3,1.666666667
2006-05-13,2,3,0.666666667
2006-05-15,1,3,0.333333333
2006-05-16,2,3,0.666666667
2006-05-17,3,3,1
2006-05-18,6,3,2
2006-05-19,8,3,2.666666667
2006-05-20,8,3,2.666666667
2006-05-22,2,3,0.666666667
2006-05-23,5,3,1.666666667
2006-05-24,5,3,1.666666667
2006-05-26,1,3,0.333333333
2006-05-27,6,3,2
2006-05-28,1,3,0.333333333
2006-05-29,4,3,1.333333333
2006-05-30,2,3,0.666666667
2006-05-31,9,3,3
2006-06-01,11,3,3.666666667
2006-06-02,3,3,1
2006-06-03,2,3,0.666666667
2006-06-05,5,3,1.666666667
2006-06-06,4,3,1.333333333
2006-06-07,7,3,2.333333333
2006-06-08,7,3,2.333333333
2006-06-09,4,3,1.333333333
2006-06-10,4,3,1.333333333
2006-06-12,6,3,2
2006-06-13,13,3,4.333333333
2006-06-14,8,3,2.666666667
2006-06-15,9,3,3
2006-06-16,7,3,2.333333333
2006-06-17,7,3,2.333333333
2006-06-19,3,3,1
2006-06-20,7,3,2.333333333
2006-06-21,5,3,1.666666667
2006-06-22,9,3,3
2006-06-23,1,3,0.333333333
2006-06-24,3,3,1
2006-06-25,1,3,0.333333333
2006-06-27,4,3,1.333333333
2006-06-28,5,3,1.666666667
2006-06-29,4,3,1.333333333
2006-06-30,5,3,1.666666667
2006-07-01,9,3,3
2006-07-02,1,3,0.333333333
2006-07-03,3,3,1
2006-07-04,7,3,2.333333333
2006-07-05,5,3,1.666666667
2006-07-06,6,3,2
2006-07-07,6,3,2
2006-07-08,3,3,1
2006-07-10,1,3,0.333333333
2006-07-11,5,3,1.666666667
2006-07-12,4,3,1.333333333
2006-07-13,11,3,3.666666667
2006-07-15,4,3,1.333333333
2006-07-17,3,3,1
2006-07-18,11,3,3.666666667
2006-07-19,8,3,2.666666667
2006-07-20,2,3,0.666666667
2006-07-22,9,3,3
2006-07-24,2,3,0.666666667
2006-07-25,4,3,1.333333333
2006-07-26,1,3,0.333333333
2006-07-27,5,3,1.666666667
2006-07-28,3,3,1
2006-07-30,1,3,0.333333333
2006-07-31,2,3,0.666666667
2006-08-01,1,3,0.333333333
2006-08-02,2,3,0.666666667
2006-08-03,9,3,3
2006-08-04,3,3,1
2006-08-05,1,3,0.333333333
2006-08-07,2,3,0.666666667
2006-08-08,4,3,1.333333333
2006-08-09,12,3,4
2006-08-10,3,3,1
2006-08-11,1,3,0.333333333
2006-08-12,2,3,0.666666667
2006-08-14,2,3,0.666666667
2006-08-15,1,3,0.333333333
2006-08-16,8,3,2.666666667
2006-08-17,4,3,1.333333333
2006-08-18,3,3,1
2006-08-19,1,3,0.333333333
2006-08-21,1,3,0.333333333
2006-08-22,3,3,1
2006-08-23,6,3,2
2006-08-24,3,3,1
2006-08-25,1,3,0.333333333
2006-08-26,6,3,2
2006-08-28,1,3,0.333333333
2006-08-29,3,3,1
2006-08-30,2,3,0.666666667
2006-08-31,13,3,4.333333333
2006-09-01,4,3,1.333333333
2006-09-02,12,3,4
2006-09-04,6,3,2
2006-09-05,6,3,2
2006-09-06,6,3,2
2006-09-07,9,3,3
2006-09-08,6,3,2
2006-09-09,6,3,2
2006-09-10,2,3,0.666666667
2006-09-11,7,3,2.333333333
2006-09-12,4,3,1.333333333
2006-09-13,2,3,0.666666667
2006-09-14,2,3,0.666666667
2006-09-15,5,3,1.666666667
2006-09-16,4,3,1.333333333
2006-09-19,8,3,2.666666667
2006-09-20,9,3,3
2006-09-21,7,3,2.333333333
2006-09-22,9,3,3
2006-09-23,8,3,2.666666667
2006-09-24,1,3,0.333333333
2006-09-25,8,3,2.666666667
2006-09-26,4,3,1.333333333
2006-09-27,10,3,3.333333333
2006-09-28,7,3,2.333333333
2006-09-29,7,3,2.333333333
2006-09-30,5,3,1.666666667
2006-10-01,1,3,0.333333333
2006-10-02,3,3,1
2006-10-03,4,3,1.333333333
2006-10-04,6,3,2
2006-10-05,8,3,2.666666667
2006-10-06,11,3,3.666666667
2006-10-07,7,3,2.333333333
2006-10-08,2,3,0.666666667
2006-10-09,1,3,0.333333333
2006-10-10,6,3,2
2006-10-11,6,3,2
2006-10-12,9,3,3
2006-10-13,10,3,3.333333333
2006-10-14,10,3,3.333333333
2006-10-15,1,3,0.333333333
2006-10-16,4,3,1.333333333
2006-10-17,11,3,3.666666667
2006-10-18,13,3,4.333333333
2006-10-19,11,3,3.666666667
2006-10-20,4,3,1.333333333
2006-10-21,7,3,2.333333333
2006-10-24,10,3,3.333333333
2006-10-25,8,3,2.666666667
2006-10-26,2,3,0.666666667
2006-10-27,7,3,2.333333333
2006-10-28,7,3,2.333333333
2006-10-30,2,3,0.666666667
2006-10-31,4,3,1.333333333
2006-11-01,1,3,0.333333333
2006-11-02,10,3,3.333333333
2006-11-03,6,3,2
2006-11-04,1,3,0.333333333
2006-11-05,1,3,0.333333333
2006-11-06,4,3,1.333333333
2006-11-07,6,3,2
2006-11-08,5,3,1.666666667
2006-11-09,8,3,2.666666667
2006-11-10,5,3,1.666666667
2006-11-12,1,3,0.333333333
2006-11-13,2,3,0.666666667
2006-11-14,16,3,5.333333333
2006-11-15,6,3,2
2006-11-16,7,3,2.333333333
2006-11-17,5,3,1.666666667
2006-11-18,8,3,2.666666667
2006-11-19,1,3,0.333333333
2006-11-20,5,3,1.666666667
2006-11-21,4,3,1.333333333
2006-11-22,7,3,2.333333333
2006-11-23,8,3,2.666666667
2006-11-24,9,3,3
2006-11-25,6,3,2
2006-11-27,3,3,1
2006-11-28,4,3,1.333333333
2006-11-29,8,3,2.666666667
2006-11-30,9,3,3
2006-12-01,5,3,1.666666667
2006-12-02,4,3,1.333333333
2006-12-05,5,3,1.666666667
2006-12-06,15,3,5
2006-12-07,6,3,2
2006-12-08,6,3,2
2006-12-09,4,3,1.333333333
2006-12-11,3,3,1
2006-12-12,10,3,3.333333333
2006-12-13,12,3,4
2006-12-14,7,3,2.333333333
2006-12-15,5,3,1.666666667
2006-12-16,8,3,2.666666667
2006-12-17,1,3,0.333333333
2006-12-18,3,3,1
2006-12-19,6,3,2
2006-12-20,10,3,3.333333333
2006-12-21,10,3,3.333333333
2006-12-22,9,3,3
2006-12-23,4,3,1.333333333
2006-12-27,1,3,0.333333333
2006-12-28,2,3,0.666666667
2006-12-29,7,3,2.333333333
2006-12-30,6,3,2
2006-12-31,1,3,0.333333333
2007-01-02,4,3,1.333333333
2007-01-03,1,3,0.333333333
2007-01-04,8,3,2.666666667
2007-01-05,4,3,1.333333333
2007-01-06,9,3,3
2007-01-08,4,3,1.333333333
2007-01-09,4,3,1.333333333
2007-01-10,3,3,1
2007-01-11,11,3,3.666666667
2007-01-12,9,3,3
2007-01-13,4,3,1.333333333
2007-01-15,5,3,1.666666667
2007-01-16,6,3,2
2007-01-17,8,3,2.666666667
2007-01-18,7,3,2.333333333
2007-01-19,3,3,1
2007-01-20,4,3,1.333333333
2007-01-21,1,3,0.333333333
2007-01-22,1,3,0.333333333
2007-01-23,3,3,1
2007-01-24,7,3,2.333333333
2007-01-25,9,3,3
2007-01-26,6,3,2
2007-01-27,5,3,1.666666667
2007-01-29,5,3,1.666666667
2007-01-30,3,3,1
2007-01-31,4,3,1.333333333
2007-02-01,7,3,2.333333333
2007-02-02,5,3,1.666666667
2007-02-03,9,3,3
2007-02-05,5,3,1.666666667
2007-02-06,5,3,1.666666667
2007-02-07,6,3,2
2007-02-08,12,3,4
2007-02-09,7,3,2.333333333
2007-02-10,8,3,2.666666667
2007-02-11,1,3,0.333333333
2007-02-13,6,3,2
2007-02-14,7,3,2.333333333
2007-02-15,8,3,2.666666667
2007-02-16,8,3,2.666666667
2007-02-17,6,3,2
2007-02-19,4,3,1.333333333
2007-02-20,1,3,0.333333333
2007-02-21,5,3,1.666666667
2007-02-22,3,3,1
2007-02-23,4,3,1.333333333
2007-02-24,1,3,0.333333333
2007-02-25,1,3,0.333333333
2007-02-26,2,3,0.666666667
2007-02-27,10,3,3.333333333
2007-02-28,5,3,1.666666667
2007-03-01,5,3,1.666666667
2007-03-02,8,3,2.666666667
2007-03-03,5,3,1.666666667
2007-03-04,1,3,0.333333333
2007-03-05,6,3,2
2007-03-06,8,3,2.666666667
2007-03-07,8,3,2.666666667
2007-03-08,9,3,3
2007-03-09,3,3,1
2007-03-10,7,3,2.333333333
2007-03-11,1,3,0.333333333
2007-03-12,4,3,1.333333333
2007-03-13,14,3,4.666666667
2007-03-14,14,3,4.666666667
2007-03-15,6,3,2
2007-03-16,4,3,1.333333333
2007-03-17,5,3,1.666666667
2007-03-18,2,3,0.666666667
2007-03-19,3,3,1
2007-03-20,6,3,2
2007-03-21,5,3,1.666666667
2007-03-22,5,3,1.666666667
2007-03-23,6,3,2
2007-03-24,2,3,0.666666667
2007-03-26,3,3,1
2007-03-27,4,3,1.333333333
2007-03-28,4,3,1.333333333
2007-03-29,11,3,3.666666667
2007-03-30,7,3,2.333333333
2007-03-31,3,3,1
2007-04-02,3,3,1
2007-04-03,6,3,2
2007-04-04,4,3,1.333333333
2007-04-05,6,3,2
2007-04-06,3,3,1
2007-04-07,1,3,0.333333333
2007-04-09,1,3,0.333333333
2007-04-10,1,3,0.333333333
2007-04-11,7,3,2.333333333
2007-04-12,11,3,3.666666667
2007-04-13,2,3,0.666666667
2007-04-14,3,3,1
2007-04-16,8,3,2.666666667
2007-04-17,3,3,1
2007-04-18,4,3,1.333333333
2007-04-19,5,3,1.666666667
2007-04-20,10,3,3.333333333
2007-04-21,7,3,2.333333333
2007-04-22,1,3,0.333333333
2007-04-23,3,3,1
2007-04-24,6,3,2
2007-04-25,3,3,1
2007-04-26,6,3,2
2007-04-27,1,3,0.333333333
2007-04-28,5,3,1.666666667
2007-04-30,1,3,0.333333333
2007-05-01,5,4,1.25
2007-05-02,4,4,1
2007-05-03,4,4,1
2007-05-04,10,4,2.5
2007-05-05,5,4,1.25
2007-05-07,4,4,1
2007-05-08,11,4,2.75
2007-05-09,6,4,1.5
2007-05-10,10,4,2.5
2007-05-11,9,4,2.25
2007-05-12,16,4,4
2007-05-13,4,4,1
2007-05-14,2,4,0.5
2007-05-15,5,4,1.25
2007-05-16,7,4,1.75
2007-05-17,2,4,0.5
2007-05-18,4,4,1
2007-05-19,8,4,2
2007-05-21,3,4,0.75
2007-05-22,7,4,1.75
2007-05-23,5,4,1.25
2007-05-24,14,4,3.5
2007-05-25,7,4,1.75
2007-05-26,13,4,3.25
2007-05-28,1,4,0.25
2007-05-29,6,4,1.5
2007-05-30,8,4,2
2007-05-31,8,4,2
2007-06-01,6,4,1.5
2007-06-02,7,4,1.75
2007-06-04,2,4,0.5
2007-06-05,9,4,2.25
2007-06-06,15,4,3.75
2007-06-07,10,4,2.5
2007-06-08,8,4,2
2007-06-09,6,4,1.5
2007-06-11,4,4,1
2007-06-12,5,4,1.25
2007-06-13,6,4,1.5
2007-06-14,12,4,3
2007-06-15,3,4,0.75
2007-06-16,7,4,1.75
2007-06-18,4,4,1
2007-06-19,10,4,2.5
2007-06-20,5,4,1.25
2007-06-21,4,4,1
2007-06-22,10,4,2.5
2007-06-23,6,4,1.5
2007-06-25,3,4,0.75
2007-06-26,7,4,1.75
2007-06-27,8,4,2
2007-06-28,8,4,2
2007-06-29,3,4,0.75
2007-06-30,3,4,0.75
2007-07-01,2,5,0.4
2007-07-02,1,5,0.2
2007-07-03,5,5,1
2007-07-04,6,5,1.2
2007-07-05,6,5,1.2
2007-07-06,5,5,1
2007-07-07,5,5,1
2007-07-09,3,5,0.6
2007-07-10,3,5,0.6
2007-07-11,6,5,1.2
2007-07-12,5,5,1
2007-07-13,5,5,1
2007-07-14,3,5,0.6
2007-07-16,1,5,0.2
2007-07-17,4,5,0.8
2007-07-18,3,5,0.6
2007-07-19,4,5,0.8
2007-07-20,1,5,0.2
2007-07-21,1,5,0.2
2007-07-22,1,5,0.2
2007-07-23,4,5,0.8
2007-07-24,8,5,1.6
2007-07-25,6,5,1.2
2007-07-26,2,5,0.4
2007-07-27,10,5,2
2007-07-28,3,5,0.6
2007-07-29,1,5,0.2
2007-07-30,1,5,0.2
2007-07-31,3,5,0.6
2007-08-01,6,5,1.2
2007-08-02,12,5,2.4
2007-08-03,4,5,0.8
2007-08-04,2,5,0.4
2007-08-07,8,5,1.6
2007-08-08,3,5,0.6
2007-08-09,7,5,1.4
2007-08-10,10,5,2
2007-08-11,16,5,3.2
2007-08-12,2,5,0.4
2007-08-13,8,5,1.6
2007-08-14,11,5,2.2
2007-08-16,10,5,2
2007-08-17,7,5,1.4
2007-08-18,11,5,2.2
2007-08-19,1,5,0.2
2007-08-20,5,5,1
2007-08-21,6,5,1.2
2007-08-22,5,5,1
2007-08-23,6,5,1.2
2007-08-24,6,5,1.2
2007-08-25,6,5,1.2
2007-08-26,1,5,0.2
2007-08-27,4,5,0.8
2007-08-28,6,5,1.2
2007-08-29,9,5,1.8
2007-08-30,11,5,2.2
2007-08-31,12,5,2.4
2007-09-01,9,5,1.8
2007-09-02,4,5,0.8
2007-09-03,6,5,1.2
2007-09-04,9,5,1.8
2007-09-05,13,5,2.6
2007-09-06,31,5,6.2
2007-09-07,11,5,2.2
2007-09-08,7,5,1.4
2007-09-10,9,5,1.8
2007-09-11,11,5,2.2
2007-09-12,15,5,3
2007-09-13,19,5,3.8
2007-09-14,7,5,1.4
2007-09-15,9,5,1.8
2007-09-17,2,5,0.4
2007-09-18,18,5,3.6
2007-09-19,13,5,2.6
2007-09-20,7,5,1.4
2007-09-21,11,5,2.2
2007-09-22,5,5,1
2007-09-23,10,5,2
2007-09-24,3,5,0.6
2007-09-25,8,5,1.6
2007-09-26,11,5,2.2
2007-09-27,16,5,3.2
2007-09-28,6,5,1.2
2007-09-29,4,5,0.8
2007-09-30,1,5,0.2
2007-10-01,2,5,0.4
2007-10-02,4,5,0.8
2007-10-03,10,5,2
2007-10-04,17,5,3.4
2007-10-05,16,5,3.2
2007-10-06,8,5,1.6
2007-10-08,3,5,0.6
2007-10-09,11,5,2.2
2007-10-10,9,5,1.8
2007-10-11,10,5,2
2007-10-12,6,5,1.2
2007-10-13,5,5,1
2007-10-14,1,5,0.2
2007-10-15,5,5,1
2007-10-16,1,5,0.2
2007-10-17,10,5,2
2007-10-18,7,5,1.4
2007-10-19,5,5,1
2007-10-20,5,5,1
2007-10-21,1,5,0.2
2007-10-22,7,5,1.4
2007-10-23,7,5,1.4
2007-10-24,11,5,2.2
2007-10-25,4,5,0.8
2007-10-26,10,5,2
2007-10-27,15,5,3
2007-10-29,3,5,0.6
2007-10-30,3,5,0.6
2007-10-31,15,5,3
2007-11-01,3,6,0.5
2007-11-02,18,6,3
2007-11-03,3,6,0.5
2007-11-05,1,6,0.166666667
2007-11-06,19,6,3.166666667
2007-11-07,5,6,0.833333333
2007-11-08,9,6,1.5
2007-11-09,14,6,2.333333333
2007-11-10,7,6,1.166666667
2007-11-12,5,6,0.833333333
2007-11-13,4,6,0.666666667
2007-11-14,11,6,1.833333333
2007-11-15,5,6,0.833333333
2007-11-16,6,6,1
2007-11-17,8,6,1.333333333
2007-11-18,1,6,0.166666667
2007-11-19,4,6,0.666666667
2007-11-20,8,6,1.333333333
2007-11-21,8,6,1.333333333
2007-11-22,5,6,0.833333333
2007-11-23,10,6,1.666666667
2007-11-24,6,6,1
2007-11-26,5,6,0.833333333
2007-11-27,7,6,1.166666667
2007-11-28,6,6,1
2007-11-29,8,6,1.333333333
2007-11-30,8,6,1.333333333
2007-12-01,8,6,1.333333333
2007-12-02,1,6,0.166666667
2007-12-03,4,6,0.666666667
2007-12-04,12,6,2
2007-12-05,14,6,2.333333333
2007-12-06,24,6,4
2007-12-07,9,6,1.5
2007-12-08,8,6,1.333333333
2007-12-09,3,6,0.5
2007-12-10,7,6,1.166666667
2007-12-11,10,6,1.666666667
2007-12-12,7,6,1.166666667
2007-12-13,14,6,2.333333333
2007-12-14,5,6,0.833333333
2007-12-15,6,6,1
2007-12-16,1,6,0.166666667
2007-12-17,4,6,0.666666667
2007-12-18,14,6,2.333333333
2007-12-19,6,6,1
2007-12-20,9,6,1.5
2007-12-21,11,6,1.833333333
2007-12-22,1,6,0.166666667
2007-12-24,2,6,0.333333333
2007-12-26,1,6,0.166666667
2007-12-27,5,6,0.833333333
2007-12-28,3,6,0.5
2007-12-29,2,6,0.333333333
2007-12-30,1,6,0.166666667
2007-12-31,3,6,0.5
2008-01-01,2,6,0.333333333
2008-01-02,2,6,0.333333333
2008-01-03,4,6,0.666666667
2008-01-05,7,6,1.166666667
2008-01-07,12,6,2
2008-01-08,10,6,1.666666667
2008-01-09,7,6,1.166666667
2008-01-10,18,6,3
2008-01-11,8,6,1.333333333
2008-01-12,3,6,0.5
2008-01-13,2,6,0.333333333
2008-01-14,6,6,1
2008-01-15,12,6,2
2008-01-16,12,6,2
2008-01-17,5,6,0.833333333
2008-01-18,5,6,0.833333333
2008-01-19,2,6,0.333333333
2008-01-20,2,6,0.333333333
2008-01-21,31,6,5.166666667
2008-01-22,21,6,3.5
2008-01-23,12,6,2
2008-01-24,10,6,1.666666667
2008-01-25,10,6,1.666666667
2008-01-26,8,6,1.333333333
2008-01-28,11,6,1.833333333
2008-01-29,3,6,0.5
2008-01-30,4,6,0.666666667
2008-01-31,11,6,1.833333333
2008-02-01,7,6,1.166666667
2008-02-02,3,6,0.5
2008-02-04,3,6,0.5
2008-02-05,9,6,1.5
2008-02-06,4,6,0.666666667
2008-02-07,15,6,2.5
2008-02-08,9,6,1.5
2008-02-09,1,6,0.166666667
2008-02-11,7,6,1.166666667
2008-02-12,5,6,0.833333333
2008-02-13,5,6,0.833333333
2008-02-14,18,6,3
2008-02-15,6,6,1
2008-02-18,7,6,1.166666667
2008-02-19,11,6,1.833333333
2008-02-20,4,6,0.666666667
2008-02-21,10,6,1.666666667
2008-02-22,6,6,1
2008-02-23,3,6,0.5
2008-02-25,5,6,0.833333333
2008-02-26,5,6,0.833333333
2008-02-27,6,6,1
2008-02-28,12,6,2
2008-02-29,4,6,0.666666667
2008-03-01,5,6,0.833333333
2008-03-03,6,6,1
2008-03-04,5,6,0.833333333
2008-03-05,5,6,0.833333333
2008-03-06,8,6,1.333333333
2008-03-07,6,6,1
2008-03-09,6,6,1
2008-03-10,12,6,2
2008-03-11,7,6,1.166666667
2008-03-12,5,6,0.833333333
2008-03-13,19,6,3.166666667
2008-03-14,12,6,2
2008-03-15,3,6,0.5
2008-03-17,5,6,0.833333333
2008-03-18,22,6,3.666666667
2008-03-19,4,6,0.666666667
2008-03-20,11,6,1.833333333
2008-03-21,6,6,1
2008-03-22,12,6,2
2008-03-23,1,6,0.166666667
2008-03-24,1,6,0.166666667
2008-03-25,3,6,0.5
2008-03-26,12,6,2
2008-03-27,9,6,1.5
2008-03-28,15,6,2.5
2008-03-29,13,6,2.166666667
2008-03-31,10,6,1.666666667
2008-04-01,1,6,0.166666667
2008-04-02,5,6,0.833333333
2008-04-03,3,6,0.5
2008-04-04,8,6,1.333333333
2008-04-05,14,6,2.333333333
2008-04-06,2,6,0.333333333
2008-04-07,2,6,0.333333333
2008-04-08,12,6,2
2008-04-09,8,6,1.333333333
2008-04-10,16,6,2.666666667
2008-04-11,3,6,0.5
2008-04-13,11,6,1.833333333
2008-04-14,3,6,0.5
2008-04-15,7,6,1.166666667
2008-04-16,9,6,1.5
2008-04-17,6,6,1
2008-04-18,7,6,1.166666667
2008-04-19,4,6,0.666666667
2008-04-21,3,6,0.5
2008-04-22,4,6,0.666666667
2008-04-23,3,6,0.5
2008-04-24,6,6,1
2008-04-25,10,6,1.666666667
2008-04-26,4,6,0.666666667
2008-04-27,1,6,0.166666667
2008-04-28,9,6,1.5
2008-04-29,9,6,1.5
2008-04-30,5,6,0.833333333
2008-05-01,6,6,1
2008-05-02,5,6,0.833333333
2008-05-03,4,6,0.666666667
2008-05-04,2,6,0.333333333
2008-05-05,4,6,0.666666667
2008-05-06,1,6,0.166666667
2008-05-07,4,6,0.666666667
2008-05-08,11,6,1.833333333
2008-05-09,10,6,1.666666667
2008-05-10,3,6,0.5
2008-05-13,4,6,0.666666667
2008-05-15,6,6,1
2008-05-16,4,6,0.666666667
2008-05-17,1,6,0.166666667
2008-05-19,2,6,0.333333333
2008-05-20,10,6,1.666666667
2008-05-21,9,6,1.5
2008-05-22,4,6,0.666666667
2008-05-23,7,6,1.166666667
2008-05-24,4,6,0.666666667
2008-05-26,2,6,0.333333333
2008-05-27,2,6,0.333333333
2008-05-28,6,6,1
2008-05-29,3,6,0.5
2008-05-30,6,6,1
2008-05-31,2,6,0.333333333
2008-06-02,5,6,0.833333333
2008-06-03,5,6,0.833333333
2008-06-04,6,6,1
2008-06-05,8,6,1.333333333
2008-06-06,10,6,1.666666667
2008-06-07,3,6,0.5
2008-06-08,1,6,0.166666667
2008-06-09,1,6,0.166666667
2008-06-10,7,6,1.166666667
2008-06-11,6,6,1
2008-06-12,8,6,1.333333333
2008-06-13,15,6,2.5
2008-06-14,8,6,1.333333333
2008-06-15,2,6,0.333333333
2008-06-16,7,6,1.166666667
2008-06-17,5,6,0.833333333
2008-06-18,9,6,1.5
2008-06-19,17,6,2.833333333
2008-06-20,8,6,1.333333333
2008-06-21,2,6,0.333333333
2008-06-22,1,6,0.166666667
2008-06-23,8,6,1.333333333
2008-06-24,8,6,1.333333333
2008-06-25,14,6,2.333333333
2008-06-26,3,6,0.5
2008-06-27,3,6,0.5
2008-06-28,3,6,0.5
2008-06-29,1,6,0.166666667
2008-06-30,7,6,1.166666667
2008-07-01,6,6,1
2008-07-02,7,6,1.166666667
2008-07-03,13,6,2.166666667
2008-07-04,8,6,1.333333333
2008-07-05,4,6,0.666666667
2008-07-07,3,6,0.5
2008-07-08,7,6,1.166666667
2008-07-09,5,6,0.833333333
2008-07-10,5,6,0.833333333
2008-07-12,1,6,0.166666667
2008-07-13,1,6,0.166666667
2008-07-14,1,6,0.166666667
2008-07-15,3,6,0.5
2008-07-16,11,6,1.833333333
2008-07-17,1,6,0.166666667
2008-07-18,4,6,0.666666667
2008-07-19,2,6,0.333333333
2008-07-21,1,6,0.166666667
2008-07-22,1,6,0.166666667
2008-07-23,6,6,1
2008-07-24,2,6,0.333333333
2008-07-25,3,6,0.5
2008-07-26,2,6,0.333333333
2008-07-27,1,6,0.166666667
2008-07-28,5,6,0.833333333
2008-07-29,2,6,0.333333333
2008-07-30,7,6,1.166666667
2008-07-31,3,6,0.5
2008-08-01,6,6,1
2008-08-02,1,6,0.166666667
2008-08-04,3,6,0.5
2008-08-05,8,6,1.333333333
2008-08-06,3,6,0.5
2008-08-07,10,6,1.666666667
2008-08-08,12,6,2
2008-08-09,4,6,0.666666667
2008-08-11,4,6,0.666666667
2008-08-12,6,6,1
2008-08-13,3,6,0.5
2008-08-14,8,6,1.333333333
2008-08-15,1,6,0.166666667
2008-08-16,4,6,0.666666667
2008-08-17,1,6,0.166666667
2008-08-18,1,6,0.166666667
2008-08-19,2,6,0.333333333
2008-08-20,8,6,1.333333333
2008-08-21,9,6,1.5
2008-08-22,4,6,0.666666667
2008-08-25,1,6,0.166666667
2008-08-26,3,6,0.5
2008-08-27,3,6,0.5
2008-08-28,10,6,1.666666667
2008-08-29,4,6,0.666666667
2008-08-30,6,6,1
2008-09-01,3,6,0.5
2008-09-02,26,6,4.333333333
2008-09-03,8,6,1.333333333
2008-09-04,31,6,5.166666667
2008-09-05,10,6,1.666666667
2008-09-06,8,6,1.333333333
2008-09-07,1,6,0.166666667
2008-09-08,2,6,0.333333333
2008-09-09,37,6,6.166666667
2008-09-10,10,6,1.666666667
2008-09-11,9,6,1.5
2008-09-12,10,6,1.666666667
2008-09-13,6,6,1
2008-09-15,7,6,1.166666667
2008-09-16,25,6,4.166666667
2008-09-17,7,6,1.166666667
2008-09-18,8,6,1.333333333
2008-09-19,1,6,0.166666667
2008-09-20,4,6,0.666666667
2008-09-22,9,6,1.5
2008-09-23,8,6,1.333333333
2008-09-24,11,6,1.833333333
2008-09-25,3,6,0.5
2008-09-26,9,6,1.5
2008-09-27,8,6,1.333333333
2008-09-28,2,6,0.333333333
2008-09-29,25,6,4.166666667
2008-09-30,19,6,3.166666667
2008-10-01,19,6,3.166666667
2008-10-02,18,6,3
2008-10-03,17,6,2.833333333
2008-10-04,11,6,1.833333333
2008-10-05,3,6,0.5
2008-10-06,18,6,3
2008-10-07,17,6,2.833333333
2008-10-08,12,6,2
2008-10-09,17,6,2.833333333
2008-10-10,11,6,1.833333333
2008-10-11,9,6,1.5
2008-10-12,3,6,0.5
2008-10-13,24,6,4
2008-10-14,13,6,2.166666667
2008-10-15,21,6,3.5
2008-10-16,27,6,4.5
2008-10-17,9,6,1.5
2008-10-18,9,6,1.5
2008-10-19,2,6,0.333333333
2008-10-20,12,6,2
2008-10-21,9,6,1.5
2008-10-22,12,6,2
2008-10-23,15,6,2.5
2008-10-24,9,6,1.5
2008-10-25,4,6,0.666666667
2008-10-26,1,6,0.166666667
2008-10-27,9,6,1.5
2008-10-28,15,6,2.5
2008-10-29,20,6,3.333333333
2008-10-30,19,6,3.166666667
2008-10-31,16,6,2.666666667
2008-11-01,1,6,0.166666667
2008-11-02,2,6,0.333333333
2008-11-03,16,6,2.666666667
2008-11-04,9,6,1.5
2008-11-05,13,6,2.166666667
2008-11-06,20,6,3.333333333
2008-11-07,18,6,3
2008-11-08,3,6,0.5
2008-11-09,1,6,0.166666667
2008-11-10,1,6,0.166666667
2008-11-11,4,6,0.666666667
2008-11-12,2,6,0.333333333
2008-11-13,11,6,1.833333333
2008-11-14,11,6,1.833333333
2008-11-15,5,6,0.833333333
2008-11-16,1,6,0.166666667
2008-11-17,12,6,2
2008-11-18,10,6,1.666666667
2008-11-19,14,6,2.333333333
2008-11-20,15,6,2.5
2008-11-21,23,6,3.833333333
2008-11-22,17,6,2.833333333
2008-11-23,8,6,1.333333333
2008-11-24,9,6,1.5
2008-11-25,13,6,2.166666667
2008-11-26,20,6,3.333333333
2008-11-27,17,6,2.833333333
2008-11-28,16,6,2.666666667
2008-11-29,13,6,2.166666667
2008-11-30,1,6,0.166666667
2008-12-01,5,6,0.833333333
2008-12-02,10,6,1.666666667
2008-12-03,12,6,2
2008-12-04,20,6,3.333333333
2008-12-05,18,6,3
2008-12-06,4,6,0.666666667
2008-12-07,5,6,0.833333333
2008-12-08,9,6,1.5
2008-12-09,16,6,2.666666667
2008-12-10,14,6,2.333333333
2008-12-11,14,6,2.333333333
2008-12-12,16,6,2.666666667
2008-12-13,11,6,1.833333333
2008-12-14,10,6,1.666666667
2008-12-15,14,6,2.333333333
2008-12-16,12,6,2
2008-12-17,6,6,1
2008-12-18,18,6,3
2008-12-19,8,6,1.333333333
2008-12-20,9,6,1.5
2008-12-21,2,6,0.333333333
2008-12-22,8,6,1.333333333
2008-12-23,10,6,1.666666667
2008-12-24,5,6,0.833333333
2008-12-26,1,6,0.166666667
2008-12-28,3,6,0.5
2008-12-29,7,6,1.166666667
2008-12-30,5,6,0.833333333
2008-12-31,14,6,2.333333333
2009-01-01,3,6,0.5
2009-01-02,7,6,1.166666667
2009-01-03,3,6,0.5
2009-01-05,6,6,1
2009-01-06,11,6,1.833333333
2009-01-07,16,6,2.666666667
2009-01-08,19,6,3.166666667
2009-01-09,4,6,0.666666667
2009-01-10,9,6,1.5
2009-01-11,2,6,0.333333333
2009-01-12,9,6,1.5
2009-01-13,7,6,1.166666667
2009-01-14,11,6,1.833333333
2009-01-15,12,6,2
2009-01-16,12,6,2
2009-01-17,3,6,0.5
2009-01-18,3,6,0.5
2009-01-19,19,6,3.166666667
2009-01-20,11,6,1.833333333
2009-01-21,16,6,2.666666667
2009-01-22,16,6,2.666666667
2009-01-23,7,6,1.166666667
2009-01-24,2,6,0.333333333
2009-01-25,1,6,0.166666667
2009-01-26,6,6,1
2009-01-27,17,6,2.833333333
2009-01-28,13,6,2.166666667
2009-01-29,22,6,3.666666667
2009-01-30,10,6,1.666666667
2009-01-31,2,6,0.333333333
2009-02-02,4,6,0.666666667
2009-02-03,9,6,1.5
2009-02-04,6,6,1
2009-02-05,14,6,2.333333333
2009-02-06,8,6,1.333333333
2009-02-07,9,6,1.5
2009-02-08,3,6,0.5
2009-02-09,4,6,0.666666667
2009-02-10,6,6,1
2009-02-11,19,6,3.166666667
2009-02-12,11,6,1.833333333
2009-02-13,16,6,2.666666667
2009-02-14,8,6,1.333333333
2009-02-15,8,6,1.333333333
2009-02-16,11,6,1.833333333
2009-02-17,10,6,1.666666667
2009-02-18,18,6,3
2009-02-19,13,6,2.166666667
2009-02-20,27,6,4.5
2009-02-21,3,6,0.5
2009-02-23,13,6,2.166666667
2009-02-24,10,6,1.666666667
2009-02-25,10,6,1.666666667
2009-02-26,5,6,0.833333333
2009-02-27,8,6,1.333333333
2009-02-28,8,6,1.333333333
2009-03-01,5,6,0.833333333
2009-03-02,7,6,1.166666667
2009-03-03,18,6,3
2009-03-04,4,6,0.666666667
2009-03-05,22,6,3.666666667
2009-03-06,20,6,3.333333333
2009-03-07,11,6,1.833333333
2009-03-08,1,6,0.166666667
2009-03-09,13,6,2.166666667
2009-03-10,17,6,2.833333333
2009-03-11,7,6,1.166666667
2009-03-12,12,6,2
2009-03-13,20,6,3.333333333
2009-03-14,12,6,2
2009-03-15,2,6,0.333333333
2009-03-16,6,6,1
2009-03-17,10,6,1.666666667
2009-03-18,9,6,1.5
2009-03-19,16,6,2.666666667
2009-03-20,13,6,2.166666667
2009-03-21,8,6,1.333333333
2009-03-22,3,6,0.5
2009-03-23,6,6,1
2009-03-24,18,6,3
2009-03-25,21,6,3.5
2009-03-26,16,6,2.666666667
2009-03-27,15,6,2.5
2009-03-28,7,6,1.166666667
2009-03-30,11,6,1.833333333
2009-03-31,8,6,1.333333333
2009-04-01,11,6,1.833333333
2009-04-02,19,6,3.166666667
2009-04-03,14,6,2.333333333
2009-04-04,9,6,1.5
2009-04-06,1,6,0.166666667
2009-04-07,18,6,3
2009-04-08,4,6,0.666666667
2009-04-09,25,6,4.166666667
2009-04-10,7,6,1.166666667
2009-04-11,5,6,0.833333333
2009-04-13,1,6,0.166666667
2009-04-14,2,6,0.333333333
2009-04-15,13,6,2.166666667
2009-04-16,5,6,0.833333333
2009-04-17,10,6,1.666666667
2009-04-18,1,6,0.166666667
2009-04-19,3,6,0.5
2009-04-20,4,6,0.666666667
2009-04-21,6,6,1
2009-04-22,14,6,2.333333333
2009-04-23,10,6,1.666666667
2009-04-24,13,6,2.166666667
2009-04-25,4,6,0.666666667
2009-04-26,3,6,0.5
2009-04-27,6,6,1
2009-04-28,7,6,1.166666667
2009-04-29,14,6,2.333333333
2009-04-30,19,6,3.166666667
2009-05-01,3,6,0.5
2009-05-02,15,6,2.5
2009-05-03,7,6,1.166666667
2009-05-04,24,6,4
2009-05-05,12,6,2
2009-05-06,9,6,1.5
2009-05-07,21,6,3.5
2009-05-08,10,6,1.666666667
2009-05-09,10,6,1.666666667
2009-05-10,1,6,0.166666667
2009-05-11,8,6,1.333333333
2009-05-12,12,6,2
2009-05-13,14,6,2.333333333
2009-05-14,17,6,2.833333333
2009-05-15,10,6,1.666666667
2009-05-16,3,6,0.5
2009-05-17,2,6,0.333333333
2009-05-18,3,6,0.5
2009-05-19,7,6,1.166666667
2009-05-20,16,6,2.666666667
2009-05-21,1,6,0.166666667
2009-05-22,6,6,1
2009-05-23,11,6,1.833333333
2009-05-24,3,6,0.5
2009-05-25,7,6,1.166666667
2009-05-26,8,6,1.333333333
2009-05-27,14,6,2.333333333
2009-05-28,10,6,1.666666667
2009-05-29,14,6,2.333333333
2009-05-30,9,6,1.5
2009-05-31,1,6,0.166666667
2009-06-01,2,6,0.333333333
2009-06-02,9,6,1.5
2009-06-03,6,6,1
2009-06-04,21,6,3.5
2009-06-05,14,6,2.333333333
2009-06-06,8,6,1.333333333
2009-06-07,16,6,2.666666667
2009-06-08,8,6,1.333333333
2009-06-09,16,6,2.666666667
2009-06-10,13,6,2.166666667
2009-06-11,11,6,1.833333333
2009-06-12,18,6,3
2009-06-13,5,6,0.833333333
2009-06-15,7,6,1.166666667
2009-06-16,11,6,1.833333333
2009-06-17,15,6,2.5
2009-06-18,13,6,2.166666667
2009-06-19,3,6,0.5
2009-06-20,4,6,0.666666667
2009-06-21,2,6,0.333333333
2009-06-22,9,6,1.5
2009-06-23,12,6,2
2009-06-24,13,6,2.166666667
2009-06-25,14,6,2.333333333
2009-06-26,11,6,1.833333333
2009-06-27,9,6,1.5
2009-06-29,7,6,1.166666667
2009-06-30,9,6,1.5
2009-07-01,3,6,0.5
2009-07-02,12,6,2
2009-07-03,9,6,1.5
2009-07-04,2,6,0.333333333
2009-07-05,1,6,0.166666667
2009-07-06,6,6,1
2009-07-07,3,6,0.5
2009-07-08,13,6,2.166666667
2009-07-09,14,6,2.333333333
2009-07-10,11,6,1.833333333
2009-07-11,2,6,0.333333333
2009-07-13,4,6,0.666666667
2009-07-14,7,6,1.166666667
2009-07-15,2,6,0.333333333
2009-07-16,11,6,1.833333333
2009-07-17,5,6,0.833333333
2009-07-18,3,6,0.5
2009-07-19,1,6,0.166666667
2009-07-20,5,6,0.833333333
2009-07-22,3,6,0.5
2009-07-24,3,6,0.5
2009-07-27,4,6,0.666666667
2009-07-28,2,6,0.333333333
2009-07-29,2,6,0.333333333
2009-07-30,6,6,1
2009-07-31,9,6,1.5
2009-08-01,3,6,0.5
2009-08-03,6,6,1
2009-08-04,2,6,0.333333333
2009-08-05,2,6,0.333333333
2009-08-06,10,6,1.666666667
2009-08-07,7,6,1.166666667
2009-08-08,4,6,0.666666667
2009-08-09,1,6,0.166666667
2009-08-10,2,6,0.333333333
2009-08-11,9,6,1.5
2009-08-12,3,6,0.5
2009-08-13,11,6,1.833333333
2009-08-14,11,6,1.833333333
2009-08-17,1,6,0.166666667
2009-08-18,4,6,0.666666667
2009-08-19,4,6,0.666666667
2009-08-20,9,6,1.5
2009-08-21,9,6,1.5
2009-08-22,13,6,2.166666667
2009-08-23,1,6,0.166666667
2009-08-24,7,6,1.166666667
2009-08-25,12,6,2
2009-08-26,5,6,0.833333333
2009-08-27,4,6,0.666666667
2009-08-28,4,6,0.666666667
2009-08-29,7,6,1.166666667
2009-08-31,4,6,0.666666667
2009-09-01,5,6,0.833333333
2009-09-02,18,6,3
2009-09-03,21,6,3.5
2009-09-04,11,6,1.833333333
2009-09-05,5,6,0.833333333
2009-09-07,7,6,1.166666667
2009-09-08,8,6,1.333333333
2009-09-09,4,6,0.666666667
2009-09-10,10,6,1.666666667
2009-09-11,17,6,2.833333333
2009-09-12,7,6,1.166666667
2009-09-13,5,6,0.833333333
2009-09-14,13,6,2.166666667
2009-09-15,12,6,2
2009-09-16,12,6,2
2009-09-17,14,6,2.333333333
2009-09-18,15,6,2.5
2009-09-19,6,6,1
2009-09-20,1,6,0.166666667
2009-09-21,4,6,0.666666667
2009-09-22,13,6,2.166666667
2009-09-23,10,6,1.666666667
2009-09-24,9,6,1.5
2009-09-25,8,6,1.333333333
2009-09-26,7,6,1.166666667
2009-09-27,2,6,0.333333333
2009-09-28,7,6,1.166666667
2009-09-29,12,6,2
2009-09-30,18,6,3
2009-10-01,15,6,2.5
2009-10-02,6,6,1
2009-10-03,7,6,1.166666667
2009-10-04,4,6,0.666666667
2009-10-05,13,6,2.166666667
2009-10-06,17,6,2.833333333
2009-10-07,9,6,1.5
2009-10-08,17,6,2.833333333
2009-10-09,11,6,1.833333333
2009-10-10,9,6,1.5
2009-10-11,2,6,0.333333333
2009-10-12,8,6,1.333333333
2009-10-13,29,6,4.833333333
2009-10-14,15,6,2.5
2009-10-15,7,6,1.166666667
2009-10-16,3,6,0.5
2009-10-17,7,6,1.166666667
2009-10-18,1,6,0.166666667
2009-10-19,6,6,1
2009-10-20,6,6,1
2009-10-21,9,6,1.5
2009-10-22,5,6,0.833333333
2009-10-23,13,6,2.166666667
2009-10-24,5,6,0.833333333
2009-10-25,5,6,0.833333333
2009-10-26,6,6,1
2009-10-27,9,6,1.5
2009-10-28,9,6,1.5
2009-10-29,4,6,0.666666667
2009-10-30,7,6,1.166666667
2009-10-31,2,6,0.333333333
2009-11-02,5,6,0.833333333
2009-11-03,11,6,1.833333333
2009-11-04,15,6,2.5
2009-11-05,16,6,2.666666667
2009-11-06,10,6,1.666666667
2009-11-07,2,6,0.333333333
2009-11-08,1,6,0.166666667
2009-11-09,8,6,1.333333333
2009-11-10,11,6,1.833333333
2009-11-11,2,6,0.333333333
2009-11-12,9,6,1.5
2009-11-13,12,6,2
2009-11-14,7,6,1.166666667
2009-11-15,3,6,0.5
2009-11-17,8,6,1.333333333
2009-11-18,4,6,0.666666667
2009-11-19,8,6,1.333333333
2009-11-20,8,6,1.333333333
2009-11-21,3,6,0.5
2009-11-23,11,6,1.833333333
2009-11-24,8,6,1.333333333
2009-11-25,14,6,2.333333333
2009-11-26,7,6,1.166666667
2009-11-27,9,6,1.5
2009-11-28,3,6,0.5
2009-11-30,16,6,2.666666667
2009-12-01,6,6,1
2009-12-02,6,6,1
2009-12-03,10,6,1.666666667
2009-12-04,12,6,2
2009-12-05,5,6,0.833333333
2009-12-07,11,6,1.833333333
2009-12-08,15,6,2.5
2009-12-09,7,6,1.166666667
2009-12-10,16,6,2.666666667
2009-12-11,14,6,2.333333333
2009-12-12,4,6,0.666666667
2009-12-14,13,6,2.166666667
2009-12-15,18,6,3
2009-12-16,9,6,1.5
2009-12-17,7,6,1.166666667
2009-12-18,6,6,1
2009-12-19,8,6,1.333333333
2009-12-21,1,6,0.166666667
2009-12-22,1,6,0.166666667
2009-12-24,3,6,0.5
2009-12-25,1,6,0.166666667
2009-12-26,1,6,0.166666667
2009-12-27,2,6,0.333333333
2009-12-28,3,6,0.5
2009-12-29,2,6,0.333333333
2009-12-30,7,6,1.166666667
2009-12-31,10,6,1.666666667
2010-01-01,1,6,0.166666667
2010-01-02,8,6,1.333333333
2010-01-03,1,6,0.166666667
2010-01-04,8,6,1.333333333
2010-01-05,10,6,1.666666667
2010-01-06,6,6,1
2010-01-07,8,6,1.333333333
2010-01-08,18,6,3
2010-01-09,10,6,1.666666667
2010-01-10,5,6,0.833333333
2010-01-11,5,6,0.833333333
2010-01-12,11,6,1.833333333
2010-01-13,17,6,2.833333333
2010-01-14,18,6,3
2010-01-15,9,6,1.5
2010-01-16,5,6,0.833333333
2010-01-17,1,6,0.166666667
2010-01-19,11,6,1.833333333
2010-01-20,4,6,0.666666667
2010-01-21,11,6,1.833333333
2010-01-22,3,6,0.5
2010-01-23,5,6,0.833333333
2010-01-25,7,6,1.166666667
2010-01-26,15,6,2.5
2010-01-27,19,6,3.166666667
2010-01-28,15,6,2.5
2010-01-29,18,6,3
2010-01-30,8,6,1.333333333
2010-01-31,2,6,0.333333333
2010-02-01,9,6,1.5
2010-02-02,14,6,2.333333333
2010-02-03,17,6,2.833333333
2010-02-04,19,6,3.166666667
2010-02-05,29,6,4.833333333
2010-02-06,18,6,3
2010-02-07,6,6,1
2010-02-08,21,6,3.5
2010-02-09,16,6,2.666666667
2010-02-10,14,6,2.333333333
2010-02-11,19,6,3.166666667
2010-02-12,20,6,3.333333333
2010-02-13,19,6,3.166666667
2010-02-14,10,6,1.666666667
2010-02-15,9,6,1.5
2010-02-16,9,6,1.5
2010-02-17,13,6,2.166666667
2010-02-18,5,6,0.833333333
2010-02-19,7,6,1.166666667
2010-02-20,7,6,1.166666667
2010-02-21,2,6,0.333333333
2010-02-22,2,6,0.333333333
2010-02-23,7,6,1.166666667
2010-02-24,10,6,1.666666667
2010-02-25,12,6,2
2010-02-26,12,6,2
2010-02-27,10,6,1.666666667
2010-02-28,1,6,0.166666667
2010-03-01,15,6,2.5
2010-03-02,10,6,1.666666667
2010-03-03,10,6,1.666666667
2010-03-04,20,6,3.333333333
2010-03-05,11,6,1.833333333
2010-03-06,16,6,2.666666667
2010-03-07,3,6,0.5
2010-03-08,12,6,2
2010-03-09,8,6,1.333333333
2010-03-10,8,6,1.333333333
2010-03-11,3,6,0.5
2010-03-12,12,6,2
2010-03-13,5,6,0.833333333
2010-03-14,2,6,0.333333333
2010-03-15,10,6,1.666666667
2010-03-16,16,6,2.666666667
2010-03-17,18,6,3
2010-03-18,11,6,1.833333333
2010-03-19,4,6,0.666666667
2010-03-20,8,6,1.333333333
2010-03-21,5,6,0.833333333
2010-03-22,14,6,2.333333333
2010-03-23,16,6,2.666666667
2010-03-24,11,6,1.833333333
2010-03-25,24,6,4
2010-03-26,14,6,2.333333333
2010-03-27,12,6,2
2010-03-28,3,6,0.5
2010-03-29,8,6,1.333333333
2010-03-30,14,6,2.333333333
2010-03-31,8,6,1.333333333
2010-04-01,5,6,0.833333333
2010-04-02,7,6,1.166666667
2010-04-03,3,6,0.5
2010-04-04,1,6,0.166666667
2010-04-05,2,6,0.333333333
2010-04-06,4,6,0.666666667
2010-04-07,16,6,2.666666667
2010-04-08,23,6,3.833333333
2010-04-09,24,6,4
2010-04-10,14,6,2.333333333
2010-04-11,7,6,1.166666667
2010-04-12,11,6,1.833333333
2010-04-13,10,6,1.666666667
2010-04-14,10,6,1.666666667
2010-04-15,12,6,2
2010-04-16,16,6,2.666666667
2010-04-17,13,6,2.166666667
2010-04-19,2,6,0.333333333
2010-04-20,8,6,1.333333333
2010-04-21,13,6,2.166666667
2010-04-22,28,6,4.666666667
2010-04-23,14,6,2.333333333
2010-04-24,13,6,2.166666667
2010-04-25,7,6,1.166666667
2010-04-26,28,6,4.666666667
2010-04-27,27,6,4.5
2010-04-28,31,6,5.166666667
2010-04-29,20,6,3.333333333
2010-04-30,28,6,4.666666667
2010-05-01,8,6,1.333333333
2010-05-02,17,6,2.833333333
2010-05-03,16,6,2.666666667
2010-05-04,12,6,2
2010-05-05,22,6,3.666666667
2010-05-06,25,6,4.166666667
2010-05-07,34,6,5.666666667
2010-05-08,28,6,4.666666667
2010-05-09,16,6,2.666666667
2010-05-10,21,6,3.5
2010-05-11,26,6,4.333333333
2010-05-12,24,6,4
2010-05-13,8,6,1.333333333
2010-05-14,28,6,4.666666667
2010-05-15,18,6,3
2010-05-16,5,6,0.833333333
2010-05-17,13,6,2.166666667
2010-05-18,12,6,2
2010-05-19,22,6,3.666666667
2010-05-20,39,6,6.5
2010-05-21,23,6,3.833333333
2010-05-22,20,6,3.333333333
2010-05-23,4,6,0.666666667
2010-05-24,15,6,2.5
2010-05-25,16,6,2.666666667
2010-05-26,37,6,6.166666667
2010-05-27,22,6,3.666666667
2010-05-28,20,6,3.333333333
2010-05-29,17,6,2.833333333
2010-05-30,3,6,0.5
2010-05-31,19,6,3.166666667
2010-06-01,14,6,2.333333333
2010-06-02,6,6,1
2010-06-03,8,6,1.333333333
2010-06-04,14,6,2.333333333
2010-06-05,29,6,4.833333333
2010-06-06,2,6,0.333333333
2010-06-07,29,6,4.833333333
2010-06-08,13,6,2.166666667
2010-06-09,17,6,2.833333333
2010-06-10,20,6,3.333333333
2010-06-11,24,6,4
2010-06-12,30,6,5
2010-06-13,10,6,1.666666667
2010-06-14,18,6,3
2010-06-15,28,6,4.666666667
2010-06-16,29,6,4.833333333
2010-06-17,28,6,4.666666667
2010-06-18,23,6,3.833333333
2010-06-19,6,6,1
2010-06-20,5,6,0.833333333
2010-06-21,8,6,1.333333333
2010-06-22,19,6,3.166666667
2010-06-23,23,6,3.833333333
2010-06-24,16,6,2.666666667
2010-06-25,13,6,2.166666667
2010-06-26,9,6,1.5
2010-06-27,3,6,0.5
2010-06-28,11,6,1.833333333
2010-06-29,17,6,2.833333333
2010-06-30,22,6,3.666666667
2010-07-01,12,6,2
2010-07-02,20,6,3.333333333
2010-07-03,9,6,1.5
2010-07-04,8,6,1.333333333
2010-07-05,9,6,1.5
2010-07-06,5,6,0.833333333
2010-07-07,9,6,1.5
2010-07-08,23,6,3.833333333
2010-07-09,17,6,2.833333333
2010-07-10,13,6,2.166666667
2010-07-11,1,6,0.166666667
2010-07-12,7,6,1.166666667
2010-07-13,13,6,2.166666667
2010-07-14,6,6,1
2010-07-15,6,6,1
2010-07-16,7,6,1.166666667
2010-07-17,4,6,0.666666667
2010-07-18,2,6,0.333333333
2010-07-19,6,6,1
2010-07-20,10,6,1.666666667
2010-07-21,2,6,0.333333333
2010-07-22,4,6,0.666666667
2010-07-23,14,6,2.333333333
2010-07-24,9,6,1.5
2010-07-25,1,6,0.166666667
2010-07-26,4,6,0.666666667
2010-07-27,10,6,1.666666667
2010-07-28,7,6,1.166666667
2010-07-29,10,6,1.666666667
2010-07-30,5,6,0.833333333
2010-07-31,5,6,0.833333333
2010-08-01,3,6,0.5
2010-08-02,1,6,0.166666667
2010-08-03,4,6,0.666666667
2010-08-04,3,6,0.5
2010-08-05,15,6,2.5
2010-08-06,10,6,1.666666667
2010-08-07,5,6,0.833333333
2010-08-09,10,6,1.666666667
2010-08-10,6,6,1
2010-08-11,7,6,1.166666667
2010-08-12,9,6,1.5
2010-08-13,19,6,3.166666667
2010-08-14,5,6,0.833333333
2010-08-16,7,6,1.166666667
2010-08-17,10,6,1.666666667
2010-08-18,8,6,1.333333333
2010-08-19,4,6,0.666666667
2010-08-20,8,6,1.333333333
2010-08-21,6,6,1
2010-08-23,4,6,0.666666667
2010-08-24,6,6,1
2010-08-25,12,6,2
2010-08-26,7,6,1.166666667
2010-08-27,7,6,1.166666667
2010-08-28,4,6,0.666666667
2010-08-29,5,6,0.833333333
2010-08-30,10,6,1.666666667
2010-08-31,12,6,2
2010-09-01,9,6,1.5
2010-09-02,17,6,2.833333333
2010-09-03,11,6,1.833333333
2010-09-04,3,6,0.5
2010-09-05,2,6,0.333333333
2010-09-06,14,6,2.333333333
2010-09-07,14,6,2.333333333
2010-09-08,22,6,3.666666667
2010-09-09,14,6,2.333333333
2010-09-10,12,6,2
2010-09-11,14,6,2.333333333
2010-09-12,7,6,1.166666667
2010-09-13,10,6,1.666666667
2010-09-14,9,6,1.5
2010-09-15,11,6,1.833333333
2010-09-16,9,6,1.5
2010-09-17,10,6,1.666666667
2010-09-18,2,6,0.333333333
2010-09-19,1,6,0.166666667
2010-09-20,14,6,2.333333333
2010-09-21,7,6,1.166666667
2010-09-22,13,6,2.166666667
2010-09-23,10,6,1.666666667
2010-09-24,7,6,1.166666667
2010-09-25,7,6,1.166666667
2010-09-26,2,6,0.333333333
2010-09-27,8,6,1.333333333
2010-09-28,9,6,1.5
2010-09-29,27,6,4.5
2010-09-30,28,6,4.666666667
2010-10-01,13,6,2.166666667
2010-10-02,6,6,1
2010-10-03,3,6,0.5
2010-10-04,16,6,2.666666667
2010-10-05,10,6,1.666666667
2010-10-06,16,6,2.666666667
2010-10-07,9,6,1.5
2010-10-08,6,6,1
2010-10-09,8,6,1.333333333
2010-10-10,1,6,0.166666667
2010-10-11,7,6,1.166666667
2010-10-12,21,6,3.5
2010-10-13,5,6,0.833333333
2010-10-14,10,6,1.666666667
2010-10-15,6,6,1
2010-10-16,8,6,1.333333333
2010-10-17,5,6,0.833333333
2010-10-18,10,6,1.666666667
2010-10-19,8,6,1.333333333
2010-10-20,2,6,0.333333333
2010-10-21,9,6,1.5
2010-10-22,4,6,0.666666667
2010-10-23,11,6,1.833333333
2010-10-24,2,6,0.333333333
2010-10-25,7,6,1.166666667
2010-10-26,3,6,0.5
2010-10-27,9,6,1.5
2010-10-28,10,6,1.666666667
2010-10-29,9,6,1.5
2010-10-30,13,6,2.166666667
2010-11-01,2,6,0.333333333
2010-11-02,5,6,0.833333333
2010-11-03,9,6,1.5
2010-11-04,11,6,1.833333333
2010-11-05,13,6,2.166666667
2010-11-06,6,6,1
2010-11-07,7,6,1.166666667
2010-11-08,13,6,2.166666667
2010-11-09,24,6,4
2010-11-10,11,6,1.833333333
2010-11-11,2,6,0.333333333
2010-11-12,18,6,3
2010-11-13,8,6,1.333333333
2010-11-14,3,6,0.5
2010-11-15,12,6,2
2010-11-16,16,6,2.666666667
2010-11-17,14,6,2.333333333
2010-11-18,9,6,1.5
2010-11-19,13,6,2.166666667
2010-11-20,8,6,1.333333333
2010-11-21,10,6,1.666666667
2010-11-22,16,6,2.666666667
2010-11-23,17,6,2.833333333
2010-11-24,35,6,5.833333333
2010-11-25,12,6,2
2010-11-26,19,6,3.166666667
2010-11-27,20,6,3.333333333
2010-11-28,6,6,1
2010-11-29,18,6,3
2010-11-30,21,6,3.5
2010-12-01,23,6,3.833333333
2010-12-02,14,6,2.333333333
2010-12-03,11,6,1.833333333
2010-12-04,12,6,2
2010-12-05,6,6,1
2010-12-06,18,6,3
2010-12-07,14,6,2.333333333
2010-12-08,16,6,2.666666667
2010-12-09,22,6,3.666666667
2010-12-10,12,6,2
2010-12-11,5,6,0.833333333
2010-12-12,3,6,0.5
2010-12-13,23,6,3.833333333
2010-12-14,22,6,3.666666667
2010-12-15,34,6,5.666666667
2010-12-16,21,6,3.5
2010-12-17,23,6,3.833333333
2010-12-18,19,6,3.166666667
2010-12-19,7,6,1.166666667
2010-12-20,9,6,1.5
2010-12-21,7,6,1.166666667
2010-12-22,9,6,1.5
2010-12-23,23,6,3.833333333
2010-12-24,15,6,2.5
2010-12-26,2,6,0.333333333
2010-12-27,1,6,0.166666667
2010-12-28,3,6,0.5
2010-12-29,7,6,1.166666667
2010-12-30,8,6,1.333333333
2010-12-31,16,6,2.666666667
2011-01-01,3,6,0.5
2011-01-02,1,6,0.166666667
2011-01-03,8,6,1.333333333
2011-01-04,7,6,1.166666667
2011-01-05,11,6,1.833333333
2011-01-06,20,6,3.333333333
2011-01-07,7,6,1.166666667
2011-01-08,14,6,2.333333333
2011-01-09,1,6,0.166666667
2011-01-10,19,6,3.166666667
2011-01-11,22,6,3.666666667
2011-01-12,24,6,4
2011-01-13,24,6,4
2011-01-14,10,6,1.666666667
2011-01-15,11,6,1.833333333
2011-01-16,5,6,0.833333333
2011-01-17,13,6,2.166666667
2011-01-18,15,6,2.5
2011-01-19,13,6,2.166666667
2011-01-20,11,6,1.833333333
2011-01-21,10,6,1.666666667
2011-01-22,3,6,0.5
2011-01-23,1,6,0.166666667
2011-01-24,19,6,3.166666667
2011-01-25,10,6,1.666666667
2011-01-26,25,6,4.166666667
2011-01-27,12,6,2
2011-01-28,19,6,3.166666667
2011-01-29,11,6,1.833333333
2011-01-30,2,6,0.333333333
2011-01-31,11,6,1.833333333
2011-02-01,15,6,2.5
2011-02-02,12,6,2
2011-02-03,16,6,2.666666667
2011-02-04,11,6,1.833333333
2011-02-05,11,6,1.833333333
2011-02-07,10,6,1.666666667
2011-02-08,6,6,1
2011-02-09,6,6,1
2011-02-10,3,6,0.5
2011-02-11,6,6,1
2011-02-12,6,6,1
2011-02-13,7,6,1.166666667
2011-02-14,22,6,3.666666667
2011-02-15,16,6,2.666666667
2011-02-16,19,6,3.166666667
2011-02-17,10,6,1.666666667
2011-02-18,10,6,1.666666667
2011-02-19,10,6,1.666666667
2011-02-20,2,6,0.333333333
2011-02-21,4,6,0.666666667
2011-02-22,9,6,1.5
2011-02-23,6,6,1
2011-02-24,8,6,1.333333333
2011-02-25,5,6,0.833333333
2011-02-26,3,6,0.5
2011-02-27,4,6,0.666666667
2011-02-28,6,6,1
2011-03-01,10,6,1.666666667
2011-03-02,8,6,1.333333333
2011-03-03,6,6,1
2011-03-04,9,6,1.5
2011-03-05,14,6,2.333333333
2011-03-06,6,6,1
2011-03-07,5,6,0.833333333
2011-03-08,6,6,1
2011-03-09,15,6,2.5
2011-03-10,12,6,2
2011-03-11,9,6,1.5
2011-03-12,11,6,1.833333333
2011-03-13,4,6,0.666666667
2011-03-14,4,6,0.666666667
2011-03-15,6,6,1
2011-03-16,8,6,1.333333333
2011-03-17,5,6,0.833333333
2011-03-18,15,6,2.5
2011-03-19,7,6,1.166666667
2011-03-20,1,6,0.166666667
2011-03-21,2,6,0.333333333
2011-03-22,10,6,1.666666667
2011-03-23,20,6,3.333333333
2011-03-24,26,6,4.333333333
2011-03-25,18,6,3
2011-03-26,12,6,2
2011-03-27,7,6,1.166666667
2011-03-28,3,6,0.5
2011-03-29,6,6,1
2011-03-30,10,6,1.666666667
2011-03-31,15,6,2.5
2011-04-01,10,6,1.666666667
2011-04-02,11,6,1.833333333
2011-04-03,1,6,0.166666667
2011-04-04,4,6,0.666666667
2011-04-05,18,6,3
2011-04-06,15,6,2.5
2011-04-07,23,6,3.833333333
2011-04-08,20,6,3.333333333
2011-04-09,13,6,2.166666667
2011-04-10,2,6,0.333333333
2011-04-11,3,6,0.5
2011-04-12,13,6,2.166666667
2011-04-13,15,6,2.5
2011-04-14,18,6,3
2011-04-15,11,6,1.833333333
2011-04-16,7,6,1.166666667
2011-04-17,5,6,0.833333333
2011-04-18,10,6,1.666666667
2011-04-19,11,6,1.833333333
2011-04-20,13,6,2.166666667
2011-04-21,5,6,0.833333333
2011-04-22,10,6,1.666666667
2011-04-23,12,6,2
2011-04-25,1,6,0.166666667
2011-04-26,17,6,2.833333333
2011-04-27,13,6,2.166666667
2011-04-28,9,6,1.5
2011-04-29,13,6,2.166666667
2011-04-30,8,6,1.333333333
2011-05-01,4,6,0.666666667
2011-05-02,4,6,0.666666667
2011-05-03,13,6,2.166666667
2011-05-04,12,6,2
2011-05-05,10,6,1.666666667
2011-05-06,4,6,0.666666667
2011-05-07,7,6,1.166666667
2011-05-08,5,6,0.833333333
2011-05-09,12,6,2
2011-05-10,14,6,2.333333333
2011-05-11,10,6,1.666666667
2011-05-12,15,6,2.5
2011-05-13,39,6,6.5
2011-05-14,9,6,1.5
2011-05-15,5,6,0.833333333
2011-05-16,21,6,3.5
2011-05-17,20,6,3.333333333
2011-05-18,7,6,1.166666667
2011-05-19,5,6,0.833333333
2011-05-20,9,6,1.5
2011-05-21,8,6,1.333333333
2011-05-22,5,6,0.833333333
2011-05-23,8,6,1.333333333
2011-05-24,32,6,5.333333333
2011-05-25,9,6,1.5
2011-05-26,10,6,1.666666667
2011-05-27,16,6,2.666666667
2011-05-28,5,6,0.833333333
2011-05-29,6,6,1
2011-05-30,14,6,2.333333333
2011-05-31,16,6,2.666666667
2011-06-01,15,6,2.5
2011-06-02,10,6,1.666666667
2011-06-03,23,6,3.833333333
2011-06-04,8,6,1.333333333
2011-06-05,4,6,0.666666667
2011-06-06,16,6,2.666666667
2011-06-07,26,6,4.333333333
2011-06-08,18,6,3
2011-06-09,23,6,3.833333333
2011-06-10,23,6,3.833333333
2011-06-11,16,6,2.666666667
2011-06-12,1,6,0.166666667
2011-06-13,9,6,1.5
2011-06-14,11,6,1.833333333
2011-06-15,25,6,4.166666667
2011-06-16,30,6,5
2011-06-17,17,6,2.833333333
2011-06-18,13,6,2.166666667
2011-06-19,9,6,1.5
2011-06-20,15,6,2.5
2011-06-21,29,6,4.833333333
2011-06-22,24,6,4
2011-06-23,28,6,4.666666667
2011-06-24,27,6,4.5
2011-06-25,9,6,1.5
2011-06-26,3,6,0.5
2011-06-27,11,6,1.833333333
2011-06-28,17,6,2.833333333
2011-06-29,18,6,3
2011-06-30,10,6,1.666666667
2011-07-01,11,6,1.833333333
2011-07-02,6,6,1
2011-07-03,6,6,1
2011-07-04,8,6,1.333333333
2011-07-05,31,6,5.166666667
2011-07-06,24,6,4
2011-07-07,16,6,2.666666667
2011-07-08,9,6,1.5
2011-07-09,17,6,2.833333333
2011-07-10,5,6,0.833333333
2011-07-11,22,6,3.666666667
2011-07-12,47,6,7.833333333
2011-07-13,23,6,3.833333333
2011-07-14,22,6,3.666666667
2011-07-15,24,6,4
2011-07-16,15,6,2.5
2011-07-17,6,6,1
2011-07-18,28,6,4.666666667
2011-07-19,16,6,2.666666667
2011-07-20,17,6,2.833333333
2011-07-21,11,6,1.833333333
2011-07-22,21,6,3.5
2011-07-23,9,6,1.5
2011-07-24,1,6,0.166666667
2011-07-25,9,6,1.5
2011-07-26,11,6,1.833333333
2011-07-27,15,6,2.5
2011-07-28,11,6,1.833333333
2011-07-29,24,6,4
2011-07-30,12,6,2
2011-07-31,4,6,0.666666667
2011-08-01,9,6,1.5
2011-08-02,20,6,3.333333333
2011-08-03,30,6,5
2011-08-04,24,6,4
2011-08-05,33,6,5.5
2011-08-06,32,6,5.333333333
2011-08-07,10,6,1.666666667
2011-08-08,12,6,2
2011-08-09,34,6,5.666666667
2011-08-10,72,6,12
2011-08-11,30,6,5
2011-08-12,23,6,3.833333333
2011-08-13,15,6,2.5
2011-08-14,7,6,1.166666667
2011-08-15,3,6,0.5
2011-08-16,38,6,6.333333333
2011-08-17,23,6,3.833333333
2011-08-18,14,6,2.333333333
2011-08-19,21,6,3.5
2011-08-20,7,6,1.166666667
2011-08-21,1,6,0.166666667
2011-08-22,9,6,1.5
2011-08-23,14,6,2.333333333
2011-08-24,11,6,1.833333333
2011-08-25,16,6,2.666666667
2011-08-26,13,6,2.166666667
2011-08-27,10,6,1.666666667
2011-08-28,11,6,1.833333333
2011-08-29,8,6,1.333333333
2011-08-30,8,6,1.333333333
2011-08-31,11,6,1.833333333
2011-09-01,13,6,2.166666667
2011-09-02,30,6,5
2011-09-03,16,6,2.666666667
2011-09-04,4,6,0.666666667
2011-09-05,21,6,3.5
2011-09-06,25,6,4.166666667
2011-09-07,27,6,4.5
2011-09-08,27,6,4.5
2011-09-09,24,6,4
2011-09-10,24,6,4
2011-09-11,16,6,2.666666667
2011-09-12,22,6,3.666666667
2011-09-13,30,6,5
2011-09-14,20,6,3.333333333
2011-09-15,30,6,5
2011-09-16,15,6,2.5
2011-09-17,17,6,2.833333333
2011-09-18,3,6,0.5
2011-09-19,16,6,2.666666667
2011-09-20,44,6,7.333333333
2011-09-21,18,6,3
2011-09-22,18,6,3
2011-09-23,31,6,5.166666667
2011-09-24,13,6,2.166666667
2011-09-25,5,6,0.833333333
2011-09-26,14,6,2.333333333
2011-09-27,23,6,3.833333333
2011-09-28,20,6,3.333333333
2011-09-29,10,6,1.666666667
2011-09-30,27,6,4.5
2011-10-01,11,6,1.833333333
2011-10-02,9,6,1.5
2011-10-03,24,6,4
2011-10-04,31,6,5.166666667
2011-10-05,23,6,3.833333333
2011-10-06,21,6,3.5
2011-10-07,18,6,3
2011-10-08,21,6,3.5
2011-10-09,7,6,1.166666667
2011-10-10,18,6,3
2011-10-11,35,6,5.833333333
2011-10-12,28,6,4.666666667
2011-10-13,18,6,3
2011-10-14,15,6,2.5
2011-10-15,11,6,1.833333333
2011-10-16,8,6,1.333333333
2011-10-17,13,6,2.166666667
2011-10-18,19,6,3.166666667
2011-10-19,25,6,4.166666667
2011-10-20,28,6,4.666666667
2011-10-21,16,6,2.666666667
2011-10-22,13,6,2.166666667
2011-10-23,9,6,1.5
2011-10-24,27,6,4.5
2011-10-25,24,6,4
2011-10-26,32,6,5.333333333
2011-10-27,40,6,6.666666667
2011-10-28,21,6,3.5
2011-10-29,20,6,3.333333333
2011-10-30,4,6,0.666666667
2011-10-31,19,6,3.166666667
2011-11-01,19,6,3.166666667
2011-11-02,42,6,7
2011-11-03,36,6,6
2011-11-04,27,6,4.5
2011-11-05,20,6,3.333333333
2011-11-06,4,6,0.666666667
2011-11-07,28,6,4.666666667
2011-11-08,28,6,4.666666667
2011-11-09,19,6,3.166666667
2011-11-10,32,6,5.333333333
2011-11-11,19,6,3.166666667
2011-11-12,16,6,2.666666667
2011-11-13,6,6,1
2011-11-14,25,6,4.166666667
2011-11-15,31,6,5.166666667
2011-11-16,18,6,3
2011-11-17,29,6,4.833333333
2011-11-18,33,6,5.5
2011-11-19,14,6,2.333333333
2011-11-20,11,6,1.833333333
2011-11-21,15,6,2.5
2011-11-22,24,6,4
2011-11-23,32,6,5.333333333
2011-11-24,24,6,4
2011-11-25,43,6,7.166666667
2011-11-26,43,6,7.166666667
2011-11-27,19,6,3.166666667
2011-11-28,21,6,3.5
2011-11-29,27,6,4.5
2011-11-30,12,6,2
2011-12-01,31,6,5.166666667
2011-12-02,21,6,3.5
2011-12-03,18,6,3
2011-12-04,9,6,1.5
2011-12-05,14,6,2.333333333
2011-12-06,27,6,4.5
2011-12-07,20,6,3.333333333
2011-12-08,43,6,7.166666667
2011-12-09,33,6,5.5
2011-12-10,20,6,3.333333333
2011-12-11,4,6,0.666666667
2011-12-12,13,6,2.166666667
2011-12-13,31,6,5.166666667
2011-12-14,23,6,3.833333333
2011-12-15,29,6,4.833333333
2011-12-16,11,6,1.833333333
2011-12-17,7,6,1.166666667
2011-12-18,2,6,0.333333333
2011-12-19,21,6,3.5
2011-12-20,16,6,2.666666667
2011-12-21,23,6,3.833333333
2011-12-22,22,6,3.666666667
2011-12-23,11,6,1.833333333
2011-12-24,19,6,3.166666667
2011-12-25,2,6,0.333333333
2011-12-26,12,6,2
2011-12-27,16,6,2.666666667
2011-12-28,8,6,1.333333333
2011-12-29,17,6,2.833333333
2011-12-30,32,6,5.333333333
2011-12-31,30,6,5
2012-01-01,12,6,2
2012-01-02,18,6,3
2012-01-03,15,6,2.5
2012-01-04,13,6,2.166666667
2012-01-05,14,6,2.333333333
2012-01-06,22,6,3.666666667
2012-01-07,16,6,2.666666667
2012-01-08,3,6,0.5
2012-01-09,10,6,1.666666667
2012-01-10,13,6,2.166666667
2012-01-11,25,6,4.166666667
2012-01-12,24,6,4
2012-01-13,19,6,3.166666667
2012-01-14,22,6,3.666666667
2012-01-15,2,6,0.333333333
2012-01-16,22,6,3.666666667
2012-01-17,24,6,4
2012-01-18,18,6,3
2012-01-19,18,6,3
2012-01-20,14,6,2.333333333
2012-01-21,12,6,2
2012-01-22,1,6,0.166666667
2012-01-23,25,6,4.166666667
2012-01-24,32,6,5.333333333
2012-01-25,20,6,3.333333333
2012-01-26,7,6,1.166666667
2012-01-27,32,6,5.333333333
2012-01-28,42,6,7
2012-01-29,11,6,1.833333333
2012-01-30,37,6,6.166666667
2012-01-31,19,6,3.166666667
2012-02-01,13,6,2.166666667
2012-02-02,18,6,3
2012-02-03,18,6,3
2012-02-04,14,6,2.333333333
2012-02-05,6,6,1
2012-02-06,15,6,2.5
2012-02-07,16,6,2.666666667
2012-02-08,19,6,3.166666667
2012-02-09,24,6,4
2012-02-10,23,6,3.833333333
2012-02-11,17,6,2.833333333
2012-02-12,6,6,1
2012-02-13,21,6,3.5
2012-02-14,26,6,4.333333333
2012-02-15,48,6,8
2012-02-16,18,6,3
2012-02-17,25,6,4.166666667
2012-02-18,15,6,2.5
2012-02-19,8,6,1.333333333
2012-02-20,18,6,3
2012-02-21,30,6,5
2012-02-22,14,6,2.333333333
2012-02-23,16,6,2.666666667
2012-02-24,27,6,4.5
2012-02-25,14,6,2.333333333
2012-02-26,9,6,1.5
2012-02-27,23,6,3.833333333
2012-02-28,29,6,4.833333333
2012-02-29,20,6,3.333333333
2012-03-01,27,6,4.5
2012-03-02,36,6,6
2012-03-03,11,6,1.833333333
2012-03-04,6,6,1
2012-03-05,15,6,2.5
2012-03-06,26,6,4.333333333
2012-03-07,20,6,3.333333333
2012-03-08,17,6,2.833333333
2012-03-09,25,6,4.166666667
2012-03-10,26,6,4.333333333
2012-03-11,17,6,2.833333333
2012-03-12,27,6,4.5
2012-03-13,23,6,3.833333333
2012-03-14,13,6,2.166666667
2012-03-15,14,6,2.333333333
2012-03-16,18,6,3
2012-03-17,9,6,1.5
2012-03-18,6,6,1
2012-03-19,7,6,1.166666667
2012-03-20,17,6,2.833333333
2012-03-21,15,6,2.5
2012-03-22,16,6,2.666666667
2012-03-23,11,6,1.833333333
2012-03-24,9,6,1.5
2012-03-25,1,6,0.166666667
2012-03-26,7,6,1.166666667
2012-03-27,21,6,3.5
2012-03-28,12,6,2
2012-03-29,7,6,1.166666667
2012-03-30,27,6,4.5
2012-03-31,10,6,1.666666667
2012-04-01,1,6,0.166666667
2012-04-02,6,6,1
2012-04-03,10,6,1.666666667
2012-04-04,29,6,4.833333333
2012-04-05,21,6,3.5
2012-04-06,12,6,2
2012-04-07,10,6,1.666666667
2012-04-08,1,6,0.166666667
2012-04-09,5,6,0.833333333
2012-04-10,16,6,2.666666667
2012-04-11,20,6,3.333333333
2012-04-12,8,6,1.333333333
2012-04-13,21,6,3.5
2012-04-14,16,6,2.666666667
2012-04-15,4,6,0.666666667
2012-04-16,9,6,1.5
2012-04-17,29,6,4.833333333
2012-04-18,21,6,3.5
2012-04-19,14,6,2.333333333
2012-04-20,20,6,3.333333333
2012-04-21,15,6,2.5
2012-04-22,5,6,0.833333333
2012-04-23,19,6,3.166666667
2012-04-24,22,6,3.666666667
2012-04-25,14,6,2.333333333
2012-04-26,16,6,2.666666667
2012-04-27,25,6,4.166666667
2012-04-28,12,6,2
2012-04-29,12,6,2
2012-04-30,28,6,4.666666667
2012-05-01,6,6,1
2012-05-02,8,6,1.333333333
2012-05-03,17,6,2.833333333
2012-05-04,11,6,1.833333333
2012-05-05,11,6,1.833333333
2012-05-06,14,6,2.333333333
2012-05-07,27,6,4.5
2012-05-08,25,6,4.166666667
2012-05-09,14,6,2.333333333
2012-05-10,17,6,2.833333333
2012-05-11,37,6,6.166666667
2012-05-12,20,6,3.333333333
2012-05-13,4,6,0.666666667
2012-05-14,24,6,4
2012-05-15,39,6,6.5
2012-05-16,23,6,3.833333333
2012-05-17,12,6,2
2012-05-18,23,6,3.833333333
2012-05-19,22,6,3.666666667
2012-05-20,19,6,3.166666667
2012-05-21,24,6,4
2012-05-22,32,6,5.333333333
2012-05-23,16,6,2.666666667
2012-05-24,30,6,5
2012-05-25,30,6,5
2012-05-26,17,6,2.833333333
2012-05-27,6,6,1
2012-05-28,9,6,1.5
2012-05-29,22,6,3.666666667
2012-05-30,31,6,5.166666667
2012-05-31,26,6,4.333333333
2012-06-01,22,6,3.666666667
2012-06-02,17,6,2.833333333
2012-06-03,4,6,0.666666667
2012-06-04,16,6,2.666666667
2012-06-05,14,6,2.333333333
2012-06-06,40,6,6.666666667
2012-06-07,22,6,3.666666667
2012-06-08,18,6,3
2012-06-09,12,6,2
2012-06-10,16,6,2.666666667
2012-06-11,25,6,4.166666667
2012-06-12,23,6,3.833333333
2012-06-13,30,6,5
2012-06-14,37,6,6.166666667
2012-06-15,29,6,4.833333333
2012-06-16,16,6,2.666666667
2012-06-17,16,6,2.666666667
2012-06-18,32,6,5.333333333
2012-06-19,29,6,4.833333333
2012-06-20,18,6,3
2012-06-21,26,6,4.333333333
2012-06-22,26,6,4.333333333
2012-06-23,16,6,2.666666667
2012-06-24,4,6,0.666666667
2012-06-25,26,6,4.333333333
2012-06-26,36,6,6
2012-06-27,20,6,3.333333333
2012-06-28,42,6,7
2012-06-29,19,6,3.166666667
2012-06-30,8,6,1.333333333
2012-07-01,4,6,0.666666667
2012-07-02,21,6,3.5
2012-07-03,33,6,5.5
2012-07-04,24,6,4
2012-07-05,28,6,4.666666667
2012-07-06,26,6,4.333333333
2012-07-07,12,6,2
2012-07-08,8,6,1.333333333
2012-07-09,16,6,2.666666667
2012-07-10,11,6,1.833333333
2012-07-11,16,6,2.666666667
2012-07-12,20,6,3.333333333
2012-07-13,21,6,3.5
2012-07-14,13,6,2.166666667
2012-07-15,9,6,1.5
2012-07-16,14,6,2.333333333
2012-07-17,25,6,4.166666667
2012-07-18,28,6,4.666666667
2012-07-19,21,6,3.5
2012-07-20,11,6,1.833333333
2012-07-21,5,6,0.833333333
2012-07-22,9,6,1.5
2012-07-23,20,6,3.333333333
2012-07-24,37,6,6.166666667
2012-07-25,25,6,4.166666667
2012-07-26,10,6,1.666666667
2012-07-27,19,6,3.166666667
2012-07-28,6,6,1
2012-07-29,8,6,1.333333333
2012-07-30,18,6,3
2012-07-31,17,6,2.833333333
2012-08-01,14,6,2.333333333
2012-08-02,27,6,4.5
2012-08-03,22,6,3.666666667
2012-08-04,13,6,2.166666667
2012-08-05,6,6,1
2012-08-06,8,6,1.333333333
2012-08-07,12,6,2
2012-08-08,20,6,3.333333333
2012-08-09,13,6,2.166666667
2012-08-10,7,6,1.166666667
2012-08-11,16,6,2.666666667
2012-08-12,2,6,0.333333333
2012-08-13,7,6,1.166666667
2012-08-14,21,6,3.5
2012-08-15,5,6,0.833333333
2012-08-16,13,6,2.166666667
2012-08-17,11,6,1.833333333
2012-08-18,11,6,1.833333333
2012-08-19,2,6,0.333333333
2012-08-20,12,6,2
2012-08-21,12,6,2
2012-08-22,19,6,3.166666667
2012-08-23,12,6,2
2012-08-24,13,6,2.166666667
2012-08-25,12,6,2
2012-08-26,4,6,0.666666667
2012-08-27,10,6,1.666666667
2012-08-28,21,6,3.5
2012-08-29,11,6,1.833333333
2012-08-30,13,6,2.166666667
2012-08-31,12,6,2
2012-09-01,14,6,2.333333333
2012-09-02,4,6,0.666666667
2012-09-03,19,6,3.166666667
2012-09-04,21,6,3.5
2012-09-05,17,6,2.833333333
2012-09-06,27,6,4.5
2012-09-07,20,6,3.333333333
2012-09-08,14,6,2.333333333
2012-09-09,11,6,1.833333333
2012-09-10,17,6,2.833333333
2012-09-11,20,6,3.333333333
2012-09-12,15,6,2.5
2012-09-13,20,6,3.333333333
2012-09-14,34,6,5.666666667
2012-09-15,10,6,1.666666667
2012-09-16,2,6,0.333333333
2012-09-17,13,6,2.166666667
2012-09-18,10,6,1.666666667
2012-09-19,6,6,1
2012-09-20,8,6,1.333333333
2012-09-21,7,6,1.166666667
2012-09-22,9,6,1.5
2012-09-23,6,6,1
2012-09-24,9,6,1.5
2012-09-25,5,6,0.833333333
2012-09-26,16,6,2.666666667
2012-09-27,28,6,4.666666667
2012-09-28,27,6,4.5
2012-09-29,14,6,2.333333333
2012-09-30,10,6,1.666666667
2012-10-01,12,6,2
2012-10-02,10,6,1.666666667
2012-10-03,15,6,2.5
2012-10-04,24,6,4
2012-10-05,14,6,2.333333333
2012-10-06,7,6,1.166666667
2012-10-07,2,6,0.333333333
2012-10-08,19,6,3.166666667
2012-10-09,27,6,4.5
2012-10-10,12,6,2
2012-10-11,27,6,4.5
2012-10-12,19,6,3.166666667
2012-10-13,13,6,2.166666667
2012-10-14,6,6,1
2012-10-15,11,6,1.833333333
2012-10-16,6,6,1
2012-10-17,17,6,2.833333333
2012-10-18,13,6,2.166666667
2012-10-19,7,6,1.166666667
2012-10-20,14,6,2.333333333
2012-10-21,4,6,0.666666667
2012-10-22,12,6,2
2012-10-23,15,6,2.5
2012-10-24,23,6,3.833333333
2012-10-25,13,6,2.166666667
2012-10-26,13,6,2.166666667
2012-10-27,15,6,2.5
2012-10-28,12,6,2
2012-10-29,26,6,4.333333333
2012-10-30,11,6,1.833333333
2012-10-31,20,6,3.333333333
2012-11-01,5,6,0.833333333
2012-11-02,11,6,1.833333333
2012-11-03,19,6,3.166666667
2012-11-04,9,6,1.5
2012-11-05,14,6,2.333333333
2012-11-06,16,6,2.666666667
2012-11-07,38,6,6.333333333
2012-11-08,17,6,2.833333333
2012-11-09,24,6,4
2012-11-10,13,6,2.166666667
2012-11-11,2,6,0.333333333
2012-11-12,26,6,4.333333333
2012-11-13,30,6,5
2012-11-14,29,6,4.833333333
2012-11-15,21,6,3.5
2012-11-16,26,6,4.333333333
2012-11-17,9,6,1.5
2012-11-18,5,6,0.833333333
2012-11-19,10,6,1.666666667
2012-11-20,44,6,7.333333333
2012-11-21,35,6,5.833333333
2012-11-22,24,6,4
2012-11-23,26,6,4.333333333
2012-11-24,29,6,4.833333333
2012-11-25,5,6,0.833333333
2012-11-26,4,6,0.666666667
2012-11-27,39,6,6.5
2012-11-28,25,6,4.166666667
2012-11-29,18,6,3
2012-11-30,13,6,2.166666667
2012-12-01,10,6,1.666666667
2012-12-02,5,6,0.833333333
2012-12-03,12,6,2
2012-12-04,12,6,2
2012-12-05,20,6,3.333333333
2012-12-06,21,6,3.5
2012-12-07,13,6,2.166666667
2012-12-08,7,6,1.166666667
2012-12-09,1,6,0.166666667
2012-12-10,18,6,3
2012-12-11,16,6,2.666666667
2012-12-12,7,6,1.166666667
2012-12-13,9,6,1.5
2012-12-14,14,6,2.333333333
2012-12-15,9,6,1.5
2012-12-16,3,6,0.5
2012-12-17,13,6,2.166666667
2012-12-18,13,6,2.166666667
2012-12-19,5,6,0.833333333
2012-12-20,4,6,0.666666667
2012-12-21,16,6,2.666666667
2012-12-22,12,6,2
2012-12-23,1,6,0.166666667
2012-12-24,8,6,1.333333333
2012-12-25,3,6,0.5
2012-12-26,6,6,1
2012-12-27,15,6,2.5
2012-12-28,13,6,2.166666667
2012-12-29,7,6,1.166666667
2012-12-30,2,6,0.333333333
2012-12-31,17,6,2.833333333
2013-01-01,5,6,0.833333333
2013-01-02,15,6,2.5
2013-01-03,5,6,0.833333333
2013-01-04,10,6,1.666666667
2013-01-05,9,6,1.5
2013-01-06,1,6,0.166666667
2013-01-07,12,6,2
2013-01-08,16,6,2.666666667
2013-01-09,7,6,1.166666667
2013-01-10,15,6,2.5
2013-01-11,18,6,3
2013-01-12,7,6,1.166666667
2013-01-13,6,6,1
2013-01-14,13,6,2.166666667
2013-01-15,10,6,1.666666667
2013-01-16,13,6,2.166666667
2013-01-17,7,6,1.166666667
2013-01-18,14,6,2.333333333
2013-01-19,15,6,2.5
2013-01-20,2,6,0.333333333
2013-01-21,10,6,1.666666667
2013-01-22,15,6,2.5
2013-01-23,18,6,3
2013-01-24,17,6,2.833333333
2013-01-25,11,6,1.833333333
2013-01-26,4,6,0.666666667
2013-01-27,4,6,0.666666667
2013-01-28,11,6,1.833333333
2013-01-29,11,6,1.833333333
2013-01-30,11,6,1.833333333
2013-01-31,20,6,3.333333333
2013-02-01,3,6,0.5
2013-02-02,10,6,1.666666667
2013-02-03,3,6,0.5
2013-02-04,9,6,1.5
2013-02-05,15,6,2.5
2013-02-06,20,6,3.333333333
2013-02-07,11,6,1.833333333
2013-02-08,12,6,2
2013-02-09,5,6,0.833333333
2013-02-10,1,6,0.166666667
2013-02-11,5,6,0.833333333
2013-02-12,3,6,0.5
2013-02-13,9,6,1.5
2013-02-14,12,6,2
2013-02-15,22,6,3.666666667
2013-02-16,9,6,1.5
2013-02-17,4,6,0.666666667
2013-02-18,6,6,1
2013-02-19,5,6,0.833333333
2013-02-20,12,6,2
2013-02-21,14,6,2.333333333
2013-02-22,42,6,7
2013-02-23,14,6,2.333333333
2013-02-24,6,6,1
2013-02-25,8,6,1.333333333
2013-02-26,17,6,2.833333333
2013-02-27,15,6,2.5
2013-02-28,14,6,2.333333333
2013-03-01,14,6,2.333333333
2013-03-02,12,6,2
2013-03-03,7,6,1.166666667
2013-03-04,15,6,2.5
2013-03-05,17,6,2.833333333
2013-03-06,6,6,1
2013-03-07,32,6,5.333333333
2013-03-08,20,6,3.333333333
2013-03-09,14,6,2.333333333
2013-03-10,13,6,2.166666667
2013-03-11,12,6,2
2013-03-12,21,6,3.5
2013-03-13,16,6,2.666666667
2013-03-14,28,6,4.666666667
2013-03-15,18,6,3
2013-03-16,14,6,2.333333333
2013-03-17,11,6,1.833333333
2013-03-18,10,6,1.666666667
2013-03-19,20,6,3.333333333
2013-03-20,30,6,5
2013-03-21,18,6,3
2013-03-22,26,6,4.333333333
2013-03-23,11,6,1.833333333
2013-03-24,3,6,0.5
2013-03-25,23,6,3.833333333
2013-03-26,48,6,8
2013-03-27,24,6,4
2013-03-28,27,6,4.5
2013-03-29,21,6,3.5
2013-03-30,23,6,3.833333333
2013-03-31,10,6,1.666666667
2013-04-01,3,6,0.5
2013-04-02,20,6,3.333333333
2013-04-03,15,6,2.5
2013-04-04,18,6,3
2013-04-05,16,6,2.666666667
2013-04-06,15,6,2.5
2013-04-07,7,6,1.166666667
2013-04-08,13,6,2.166666667
2013-04-09,22,6,3.666666667
2013-04-10,24,6,4
2013-04-11,17,6,2.833333333
2013-04-12,17,6,2.833333333
2013-04-13,11,6,1.833333333
2013-04-14,4,6,0.666666667
2013-04-15,14,6,2.333333333
2013-04-16,12,6,2
2013-04-17,11,6,1.833333333
2013-04-18,7,6,1.166666667
2013-04-19,7,6,1.166666667
2013-04-20,10,6,1.666666667
2013-04-21,8,6,1.333333333
2013-04-22,10,6,1.666666667
2013-04-23,21,6,3.5
2013-04-24,16,6,2.666666667
2013-04-25,7,6,1.166666667
2013-04-26,16,6,2.666666667
2013-04-27,6,6,1
2013-04-28,3,6,0.5
2013-04-29,13,6,2.166666667
2013-04-30,21,6,3.5
2013-05-01,8,6,1.333333333
2013-05-02,15,6,2.5
2013-05-03,33,6,5.5
2013-05-04,7,6,1.166666667
2013-05-05,5,6,0.833333333
2013-05-06,9,6,1.5
2013-05-07,15,6,2.5
2013-05-08,12,6,2
2013-05-09,4,6,0.666666667
2013-05-10,2,6,0.333333333
2013-05-11,5,6,0.833333333
2013-05-12,6,6,1
2013-05-13,8,6,1.333333333
2013-05-14,9,6,1.5
2013-05-15,27,6,4.5
2013-05-16,20,6,3.333333333
2013-05-17,15,6,2.5
2013-05-18,14,6,2.333333333
2013-05-19,4,6,0.666666667
2013-05-20,2,6,0.333333333
2013-05-21,9,6,1.5
2013-05-22,9,6,1.5
2013-05-23,4,6,0.666666667
2013-05-24,8,6,1.333333333
2013-05-25,4,6,0.666666667
2013-05-26,8,6,1.333333333
2013-05-27,5,6,0.833333333
2013-05-28,9,6,1.5
2013-05-29,33,6,5.5
2013-05-30,22,6,3.666666667
2013-05-31,19,6,3.166666667
2013-06-01,13,6,2.166666667
2013-06-02,2,6,0.333333333
2013-06-03,12,6,2
2013-06-04,3,6,0.5
2013-06-05,9,6,1.5
2013-06-06,26,6,4.333333333
2013-06-07,27,6,4.5
2013-06-08,4,6,0.666666667
2013-06-09,4,6,0.666666667
2013-06-10,6,6,1
2013-06-11,10,6,1.666666667
2013-06-12,18,6,3
2013-06-13,25,6,4.166666667
2013-06-14,21,6,3.5
2013-06-15,6,6,1
2013-06-16,3,6,0.5
2013-06-17,4,6,0.666666667
2013-06-18,7,6,1.166666667
2013-06-19,15,6,2.5
2013-06-20,9,6,1.5
2013-06-21,12,6,2
2013-06-22,8,6,1.333333333
2013-06-23,7,6,1.166666667
2013-06-24,3,6,0.5
2013-06-25,9,6,1.5
2013-06-26,15,6,2.5
2013-06-27,16,6,2.666666667
2013-06-28,9,6,1.5
2013-06-29,3,6,0.5
2013-06-30,1,6,0.166666667
2013-07-01,15,6,2.5
2013-07-02,10,6,1.666666667
2013-07-03,11,6,1.833333333
2013-07-04,16,6,2.666666667
2013-07-05,13,6,2.166666667
2013-07-06,2,6,0.333333333
2013-07-07,9,6,1.5
2013-07-08,10,6,1.666666667
2013-07-09,15,6,2.5
2013-07-10,15,6,2.5
2013-07-11,10,6,1.666666667
2013-07-12,5,6,0.833333333
2013-07-13,6,6,1
2013-07-14,5,6,0.833333333
2013-07-15,6,6,1
2013-07-16,10,6,1.666666667
2013-07-17,8,6,1.333333333
2013-07-18,11,6,1.833333333
2013-07-19,7,6,1.166666667
2013-07-20,3,6,0.5
2013-07-21,5,6,0.833333333
2013-07-22,3,6,0.5
2013-07-23,8,6,1.333333333
2013-07-24,8,6,1.333333333
2013-07-25,7,6,1.166666667
2013-07-26,14,6,2.333333333
2013-07-27,5,6,0.833333333
2013-07-28,2,6,0.333333333
2013-07-29,4,6,0.666666667
2013-07-30,6,6,1
2013-07-31,15,6,2.5
2013-08-01,14,6,2.333333333
2013-08-02,5,6,0.833333333
2013-08-03,7,6,1.166666667
2013-08-04,3,6,0.5
2013-08-05,4,6,0.666666667
2013-08-06,7,6,1.166666667
2013-08-07,5,6,0.833333333
2013-08-08,8,6,1.333333333
2013-08-09,11,6,1.833333333
2013-08-10,11,6,1.833333333
2013-08-11,6,6,1
2013-08-12,11,6,1.833333333
2013-08-13,14,6,2.333333333
2013-08-14,10,6,1.666666667
2013-08-16,14,6,2.333333333
2013-08-17,6,6,1
2013-08-18,3,6,0.5
2013-08-19,2,6,0.333333333
2013-08-20,7,6,1.166666667
2013-08-21,5,6,0.833333333
2013-08-22,8,6,1.333333333
2013-08-23,6,6,1
2013-08-24,6,6,1
2013-08-25,2,6,0.333333333
2013-08-26,3,6,0.5
2013-08-27,4,6,0.666666667
2013-08-28,7,6,1.166666667
2013-08-29,9,6,1.5
2013-08-30,4,6,0.666666667
2013-08-31,12,6,2
2013-09-02,13,6,2.166666667
2013-09-03,7,6,1.166666667
2013-09-04,7,6,1.166666667
2013-09-05,11,6,1.833333333
2013-09-06,19,6,3.166666667
2013-09-07,10,6,1.666666667
2013-09-08,8,6,1.333333333
2013-09-09,3,6,0.5
2013-09-10,3,6,0.5
2013-09-11,9,6,1.5
2013-09-12,10,6,1.666666667
2013-09-13,16,6,2.666666667
2013-09-14,8,6,1.333333333
2013-09-15,4,6,0.666666667
2013-09-16,7,6,1.166666667
2013-09-17,22,6,3.666666667
2013-09-18,9,6,1.5
2013-09-19,8,6,1.333333333
2013-09-20,8,6,1.333333333
2013-09-21,4,6,0.666666667
2013-09-22,8,6,1.333333333
2013-09-23,8,6,1.333333333
2013-09-24,10,6,1.666666667
2013-09-25,6,6,1
2013-09-26,2,6,0.333333333
2013-09-27,6,6,1
2013-09-28,6,6,1
2013-09-29,3,6,0.5
2013-09-30,4,6,0.666666667
2013-10-01,12,6,2
2013-10-02,8,6,1.333333333
2013-10-03,9,6,1.5
2013-10-04,15,6,2.5
2013-10-05,9,6,1.5
2013-10-06,5,6,0.833333333
2013-10-07,9,6,1.5
2013-10-08,24,6,4
2013-10-09,13,6,2.166666667
2013-10-10,6,6,1
2013-10-11,14,6,2.333333333
2013-10-12,18,6,3
2013-10-13,15,6,2.5
2013-10-14,3,6,0.5
2013-10-15,25,6,4.166666667
2013-10-16,6,6,1
2013-10-17,11,6,1.833333333
2013-10-18,16,6,2.666666667
2013-10-19,10,6,1.666666667
2013-10-20,9,6,1.5
2013-10-21,6,6,1
2013-10-22,9,6,1.5
2013-10-23,13,6,2.166666667
2013-10-24,12,6,2
2013-10-25,1,6,0.166666667
2013-10-26,4,6,0.666666667
2013-10-27,2,6,0.333333333
2013-10-28,4,6,0.666666667
2013-10-29,1,6,0.166666667
2013-10-30,9,6,1.5
2013-10-31,10,6,1.666666667
2013-11-01,5,6,0.833333333
2013-11-02,15,6,2.5
2013-11-03,6,6,1
2013-11-04,8,6,1.333333333
2013-11-05,19,6,3.166666667
2013-11-06,19,6,3.166666667
2013-11-07,17,6,2.833333333
2013-11-08,16,6,2.666666667
2013-11-09,5,6,0.833333333
2013-11-10,2,6,0.333333333
2013-11-11,5,6,0.833333333
2013-11-12,12,6,2
2013-11-13,9,6,1.5
2013-11-14,14,6,2.333333333
2013-11-15,14,6,2.333333333
2013-11-16,16,6,2.666666667
2013-11-17,13,6,2.166666667
2013-11-18,3,6,0.5
2013-11-19,8,6,1.333333333
2013-11-20,5,6,0.833333333
2013-11-21,8,6,1.333333333
2013-11-22,9,6,1.5
2013-11-23,4,6,0.666666667
2013-11-24,7,6,1.166666667
2013-11-25,10,6,1.666666667
2013-11-26,15,6,2.5
2013-11-27,8,6,1.333333333
2013-11-28,8,6,1.333333333
2013-11-29,19,6,3.166666667
2013-11-30,7,6,1.166666667
2013-12-01,1,6,0.166666667
2013-12-02,4,6,0.666666667
2013-12-03,8,6,1.333333333
2013-12-04,4,6,0.666666667
2013-12-05,6,6,1
2013-12-06,10,6,1.666666667
2013-12-07,6,6,1
2013-12-08,5,6,0.833333333
2013-12-10,6,6,1
2013-12-11,7,6,1.166666667
2013-12-12,7,6,1.166666667
2013-12-13,9,6,1.5
2013-12-14,1,6,0.166666667
2013-12-15,2,6,0.333333333
2013-12-16,3,6,0.5
2013-12-17,4,6,0.666666667
