x,y
1,1
2,1
3,0.5
4,0.5
5,0.5
6,0.5
7,0.5
8,0.5
9,0.5
10,0.5
11,1
12,1
13,0.5
14,1
15,2.5
16,0.5
17,0.5
18,1.5
19,0.5
20,0.5
21,0.5
22,0.5
23,0.5
24,1.5
25,2.5
26,0.5
27,1.5
28,0.5
29,1
30,0.5
31,1
32,0.5
33,1
34,0.5
35,1.5
36,3
37,0.5
38,0.5
39,0.5
40,1
41,0.5
42,1
43,0.5
44,0.5
45,1
46,0.5
47,0.5
48,1.5
49,0.5
50,1.5
51,1
52,1.5
53,0.5
54,1
55,1
56,1.5
57,1
58,2
59,1.5
60,0.5
61,0.5
62,1
63,0.5
64,0.5
65,0.5
66,0.5
67,0.5
68,0.5
69,1.5
70,1
71,0.5
72,0.5
73,1.5
74,0.5
75,0.5
76,1.5
77,1.5
78,0.5
79,0.5
80,0.5
81,0.5
82,1
83,1
84,0.5
85,0.5
86,0.5
87,0.5
88,1
89,0.5
90,0.5
91,1
92,1
93,1
94,1
95,1
96,1
97,1.5
98,1
99,2.5
100,0.5
101,1
102,0.5
103,1
104,0.5
105,0.5
106,0.5
107,1
108,0.5
109,0.5
110,0.5
111,0.5
112,0.5
113,1
114,0.5
115,0.5
116,1.5
117,1
118,0.5
119,0.5
120,0.5
121,0.5
122,0.5
123,0.5
124,3
125,1.5
126,0.5
127,1
128,0.5
129,1.5
130,1
131,0.5
132,0.5
133,0.5
134,0.5
135,0.5
136,0.5
137,1
138,0.5
139,1.5
140,1
141,2
142,0.5
143,0.5
144,0.5
145,0.5
146,2
147,1
148,0.5
149,0.5
150,1
151,0.5
152,0.5
153,0.5
154,2
155,0.5
156,1
157,1.5
158,1.5
159,1
160,1
161,1
162,1
163,0.5
164,0.5
165,0.5
166,1.5
167,0.5
168,1
169,0.5
170,0.5
171,0.5
172,1.5
173,1
174,1
175,0.5
176,1
177,1
178,0.5
179,1
180,1
181,0.5
182,1.5
183,1.5
184,1
185,1.5
186,1.5
187,0.5
188,0.5
189,0.5
190,0.5
191,1
192,0.5
193,0.5
194,0.5
195,0.5
196,2
197,1
198,1.5
199,0.5
200,0.5
201,2
202,2.5
203,0.5
204,0.5
205,0.5
206,1
207,2
208,1
209,0.5
210,1.5
211,1
212,0.5
213,1
214,0.5
215,0.5
216,0.5
217,1
218,0.5
219,2
220,1.5
221,0.5
222,1.5
223,1.5
224,1
225,1
226,0.5
227,0.5
228,1
229,0.5
230,2.5
231,1
232,1
233,1
234,0.5
235,1.5
236,0.5
237,0.5
238,1
239,1.5
240,2
241,0.5
242,1.5
243,1
244,1
245,1.5
246,1
247,0.5
248,1.5
249,1
250,1
251,0.5
252,0.5
253,1
254,0.5
255,0.5
256,1.5
257,0.5
258,0.5
259,0.5
260,1.5
261,0.5
262,0.5
263,0.5
264,1.5
265,2
266,2.5
267,1
268,0.333333333
269,0.666666667
270,1
271,0.333333333
272,0.333333333
273,0.666666667
274,0.666666667
275,1.333333333
276,1.333333333
277,0.333333333
278,1
279,1
280,1
281,0.666666667
282,0.333333333
283,2
284,2
285,1
286,0.666666667
287,0.333333333
288,0.666666667
289,0.666666667
290,0.666666667
291,0.333333333
292,0.666666667
293,1
294,1.333333333
295,0.333333333
296,0.333333333
297,0.333333333
298,0.333333333
299,0.333333333
300,0.333333333
301,0.666666667
302,0.333333333
303,0.333333333
304,0.333333333
305,0.666666667
306,0.333333333
307,0.333333333
308,0.333333333
309,0.333333333
310,0.666666667
311,1
312,1
313,0.333333333
314,2
315,0.666666667
316,0.333333333
317,1
318,1.333333333
319,0.666666667
320,0.333333333
321,0.333333333
322,0.666666667
323,0.333333333
324,1
325,1
326,0.333333333
327,1
328,0.666666667
329,0.666666667
330,1.333333333
331,1.333333333
332,0.333333333
333,0.333333333
334,0.333333333
335,0.666666667
336,0.333333333
337,0.666666667
338,1
339,0.333333333
340,0.666666667
341,0.333333333
342,0.666666667
343,0.333333333
344,1
345,0.666666667
346,0.666666667
347,1
348,0.333333333
349,0.333333333
350,0.666666667
351,1
352,1
353,1.333333333
354,0.666666667
355,0.666666667
356,0.666666667
357,0.666666667
358,0.333333333
359,1
360,0.333333333
361,0.333333333
362,0.666666667
363,0.333333333
364,0.666666667
365,0.333333333
366,0.666666667
367,0.666666667
368,1
369,0.666666667
370,0.333333333
371,0.333333333
372,1
373,1
374,0.333333333
375,0.333333333
376,1
377,0.666666667
378,0.333333333
379,0.333333333
380,1.333333333
381,0.333333333
382,0.333333333
383,0.333333333
384,0.333333333
385,0.333333333
386,1
387,0.666666667
388,0.666666667
389,1
390,0.333333333
391,0.333333333
392,1.333333333
393,1
394,0.333333333
395,0.333333333
396,1.333333333
397,0.333333333
398,0.666666667
399,0.666666667
400,0.333333333
401,0.666666667
402,0.666666667
403,0.666666667
404,0.333333333
405,0.333333333
406,0.666666667
407,0.333333333
408,0.333333333
409,0.333333333
410,0.333333333
411,0.666666667
412,0.333333333
413,0.333333333
414,0.333333333
415,0.333333333
416,0.666666667
417,0.666666667
418,0.666666667
419,1.333333333
420,1
421,0.666666667
422,0.333333333
423,0.333333333
424,0.333333333
425,0.666666667
426,0.333333333
427,0.333333333
428,0.333333333
429,0.333333333
430,0.666666667
431,0.333333333
432,0.333333333
433,0.666666667
434,1.333333333
435,0.666666667
436,1
437,0.333333333
438,0.333333333
439,0.333333333
440,0.333333333
441,1
442,0.666666667
443,0.333333333
444,0.333333333
445,0.666666667
446,0.666666667
447,0.333333333
448,0.333333333
449,0.333333333
450,0.666666667
451,0.333333333
452,0.333333333
453,0.333333333
454,0.666666667
455,0.666666667
456,0.666666667
457,1.333333333
458,1
459,0.333333333
460,0.333333333
461,0.333333333
462,0.333333333
463,0.333333333
464,0.333333333
465,0.333333333
466,0.333333333
467,0.333333333
468,0.333333333
469,0.333333333
470,0.333333333
471,0.333333333
472,0.333333333
473,0.333333333
474,0.333333333
475,0.666666667
476,0.333333333
477,1.333333333
478,0.333333333
479,0.333333333
480,1
481,1
482,1.333333333
483,1
484,0.333333333
485,0.666666667
486,1
487,0.333333333
488,0.666666667
489,0.666666667
490,0.333333333
491,0.666666667
492,0.333333333
493,0.333333333
494,0.666666667
495,0.333333333
496,0.333333333
497,0.333333333
498,0.333333333
499,0.333333333
500,0.666666667
501,3.666666667
502,1
503,0.666666667
504,0.333333333
505,1.333333333
506,0.333333333
507,1
508,1
509,0.333333333
510,0.333333333
511,0.333333333
512,0.666666667
513,0.666666667
514,0.333333333
515,1.333333333
516,0.666666667
517,1.666666667
518,0.666666667
519,1.666666667
520,0.333333333
521,1.666666667
522,0.333333333
523,0.333333333
524,0.666666667
525,0.666666667
526,2.666666667
527,2.333333333
528,2.666666667
529,0.333333333
530,0.333333333
531,1.333333333
532,2.666666667
533,1
534,0.666666667
535,0.666666667
536,2.666666667
537,3
538,2
539,0.333333333
540,0.333333333
541,0.333333333
542,0.666666667
543,0.666666667
544,0.666666667
545,1.333333333
546,1
547,1
548,1
549,1
550,0.666666667
551,0.333333333
552,0.333333333
553,0.666666667
554,0.333333333
555,1.333333333
556,1
557,1.333333333
558,0.333333333
559,0.333333333
560,2.333333333
561,1.666666667
562,1
563,0.333333333
564,0.333333333
565,1
566,1.666666667
567,1.666666667
568,0.666666667
569,0.333333333
570,1.333333333
571,0.666666667
572,0.666666667
573,1
574,1
575,1.666666667
576,0.666666667
577,1.333333333
578,1
579,1
580,1.333333333
581,1.666666667
582,2.666666667
583,0.666666667
584,0.333333333
585,0.666666667
586,0.333333333
587,1.666666667
588,1.333333333
589,1.666666667
590,0.333333333
591,0.333333333
592,1
593,1.666666667
594,0.333333333
595,0.333333333
596,1
597,1.333333333
598,1
599,0.666666667
600,1.333333333
601,1.333333333
602,1.333333333
603,1.333333333
604,0.666666667
605,0.666666667
606,0.333333333
607,1.333333333
608,1.333333333
609,1.333333333
610,0.666666667
611,0.666666667
612,0.333333333
613,0.666666667
614,1
615,0.333333333
616,0.333333333
617,1.333333333
618,1.666666667
619,1
620,0.333333333
621,0.666666667
622,0.666666667
623,1
624,0.333333333
625,1
626,0.333333333
627,2.333333333
628,1
629,0.333333333
630,0.333333333
631,0.666666667
632,0.333333333
633,1
634,0.666666667
635,0.666666667
636,0.666666667
637,1.666666667
638,2
639,1.333333333
640,0.666666667
641,0.666666667
642,1
643,1
644,0.666666667
645,0.333333333
646,0.333333333
647,1.333333333
648,0.666666667
649,0.333333333
650,0.666666667
651,0.666666667
652,0.333333333
653,1
654,0.666666667
655,0.333333333
656,0.666666667
657,1.333333333
658,2.333333333
659,1.666666667
660,2.666666667
661,1
662,1
663,0.333333333
664,0.666666667
665,0.333333333
666,1
667,0.666666667
668,0.333333333
669,0.333333333
670,1
671,0.333333333
672,1.666666667
673,0.333333333
674,1
675,1.333333333
676,0.333333333
677,0.333333333
678,0.666666667
679,1.666666667
680,5
681,1.333333333
682,0.333333333
683,1
684,2.333333333
685,0.333333333
686,0.666666667
687,0.666666667
688,1
689,0.666666667
690,1.666666667
691,1.333333333
692,1.333333333
693,0.666666667
694,1.666666667
695,0.666666667
696,0.333333333
697,1
698,0.666666667
699,2.333333333
700,1
701,1.333333333
702,1
703,0.666666667
704,0.333333333
705,2.666666667
706,2.333333333
707,2
708,0.666666667
709,0.333333333
710,2
711,1
712,0.333333333
713,0.666666667
714,0.666666667
715,3
716,2.333333333
717,0.666666667
718,1.666666667
719,3.666666667
720,1.666666667
721,1
722,1.333333333
723,1.666666667
724,2
725,1.666666667
726,0.333333333
727,0.333333333
728,1.666666667
729,0.333333333
730,0.333333333
731,0.333333333
732,0.333333333
733,0.333333333
734,0.333333333
735,1
736,0.333333333
737,0.333333333
738,0.666666667
739,0.333333333
740,1
741,1
742,1
743,0.333333333
744,0.666666667
745,1.666666667
746,1
747,0.666666667
748,0.333333333
749,1.666666667
750,0.333333333
751,0.666666667
752,0.333333333
753,0.333333333
754,0.666666667
755,0.333333333
756,1
757,0.333333333
758,0.333333333
759,0.333333333
760,1
761,0.333333333
762,0.333333333
763,1
764,3.333333333
765,1
766,0.333333333
767,1
768,1.666666667
769,0.333333333
770,1
771,0.666666667
772,2.333333333
773,0.333333333
774,1.666666667
775,1.666666667
776,1
777,0.333333333
778,0.666666667
779,1
780,0.333333333
781,1
782,0.333333333
783,1.666666667
784,1
785,2.666666667
786,0.333333333
787,1
788,0.666666667
789,0.333333333
790,0.666666667
791,2
792,1.666666667
793,1
794,1
795,1.666666667
796,0.666666667
797,0.666666667
798,1.333333333
799,0.666666667
800,0.333333333
801,0.666666667
802,1.666666667
803,0.666666667
804,0.333333333
805,1
806,1.666666667
807,0.666666667
808,0.333333333
809,1
810,1
811,0.666666667
812,0.666666667
813,0.333333333
814,0.666666667
815,0.333333333
816,0.333333333
817,0.666666667
818,0.333333333
819,0.666666667
820,0.666666667
821,1.333333333
822,1.333333333
823,1.333333333
824,0.666666667
825,0.666666667
826,0.666666667
827,1
828,0.666666667
829,0.333333333
830,1
831,1
832,1
833,0.333333333
834,1
835,1
836,1
837,0.666666667
838,0.333333333
839,0.333333333
840,0.333333333
841,0.333333333
842,0.333333333
843,0.333333333
844,0.666666667
845,0.333333333
846,0.333333333
847,1
848,0.666666667
849,1.666666667
850,2.333333333
851,0.333333333
852,0.333333333
853,2.333333333
854,1.333333333
855,0.666666667
856,1
857,0.666666667
858,1
859,0.666666667
860,0.333333333
861,0.333333333
862,0.333333333
863,0.666666667
864,1
865,0.333333333
866,0.666666667
867,0.666666667
868,0.333333333
869,0.333333333
870,0.666666667
871,2.333333333
872,0.333333333
873,0.333333333
874,0.333333333
875,0.333333333
876,1.333333333
877,0.666666667
878,0.666666667
879,0.333333333
880,0.666666667
881,1
882,0.666666667
883,0.333333333
884,0.666666667
885,1.333333333
886,0.666666667
887,0.333333333
888,0.333333333
889,0.333333333
890,0.333333333
891,0.333333333
892,1.333333333
893,1
894,0.333333333
895,1.666666667
896,0.666666667
897,0.333333333
898,0.666666667
899,1
900,0.333333333
901,0.666666667
902,1
903,2
904,0.333333333
905,0.333333333
906,0.333333333
907,0.333333333
908,1
909,0.333333333
910,0.333333333
911,0.666666667
912,1.666666667
913,0.333333333
914,0.333333333
915,0.333333333
916,0.666666667
917,1
918,1
919,0.333333333
920,0.666666667
921,0.666666667
922,0.666666667
923,1.666666667
924,1
925,0.666666667
926,0.333333333
927,2
928,1.666666667
929,0.333333333
930,0.333333333
931,0.333333333
932,0.666666667
933,0.333333333
934,0.333333333
935,0.666666667
936,0.666666667
937,1.666666667
938,1
939,0.333333333
940,1
941,1
942,2
943,1
944,0.666666667
945,1.666666667
946,1.666666667
947,1.333333333
948,0.333333333
949,0.666666667
950,0.333333333
951,1.333333333
952,0.333333333
953,1
954,1.666666667
955,1.333333333
956,0.333333333
957,1
958,1
959,2
960,0.666666667
961,0.666666667
962,1.666666667
963,0.333333333
964,0.333333333
965,1.333333333
966,0.333333333
967,0.666666667
968,0.666666667
969,1.666666667
970,0.333333333
971,0.333333333
972,0.666666667
973,0.333333333
974,0.333333333
975,0.333333333
976,1
977,0.333333333
978,1
979,0.333333333
980,0.333333333
981,1
982,0.333333333
983,0.666666667
984,0.333333333
985,0.666666667
986,0.333333333
987,0.666666667
988,0.333333333
989,0.666666667
990,0.333333333
991,1.333333333
992,1
993,0.666666667
994,1.333333333
995,0.666666667
996,0.666666667
997,0.333333333
998,0.333333333
999,0.666666667
1000,1.333333333
1001,0.666666667
1002,0.333333333
1003,0.333333333
1004,0.666666667
1005,0.666666667
1006,0.333333333
1007,0.333333333
1008,1
1009,2
1010,1
1011,1.333333333
1012,0.666666667
1013,0.333333333
1014,1.333333333
1015,1
1016,1
1017,0.333333333
1018,0.333333333
1019,0.666666667
1020,1.333333333
1021,0.666666667
1022,1
1023,1
1024,0.666666667
1025,1.333333333
1026,0.333333333
1027,0.666666667
1028,1.333333333
1029,1.666666667
1030,0.666666667
1031,0.666666667
1032,0.333333333
1033,1.666666667
1034,1.333333333
1035,0.666666667
1036,0.333333333
1037,0.333333333
1038,2.666666667
1039,0.666666667
1040,0.333333333
1041,1.666666667
1042,1
1043,0.666666667
1044,0.333333333
1045,0.666666667
1046,0.333333333
1047,0.666666667
1048,0.666666667
1049,0.333333333
1050,2
1051,2.666666667
1052,0.666666667
1053,0.666666667
1054,0.333333333
1055,1
1056,1.666666667
1057,1
1058,1.333333333
1059,1.666666667
1060,0.666666667
1061,0.333333333
1062,0.666666667
1063,1.666666667
1064,0.666666667
1065,0.333333333
1066,1
1067,0.666666667
1068,0.666666667
1069,1
1070,2.333333333
1071,0.333333333
1072,0.666666667
1073,0.666666667
1074,0.666666667
1075,0.666666667
1076,1.666666667
1077,0.666666667
1078,1
1079,0.666666667
1080,1
1081,0.666666667
1082,0.666666667
1083,1
1084,0.666666667
1085,0.666666667
1086,1
1087,0.333333333
1088,3.333333333
1089,0.666666667
1090,0.333333333
1091,1
1092,1
1093,1.333333333
1094,0.333333333
1095,0.666666667
1096,0.666666667
1097,1
1098,0.333333333
1099,0.666666667
1100,1
1101,0.333333333
1102,0.666666667
1103,0.666666667
1104,1.333333333
1105,0.666666667
1106,0.333333333
1107,0.333333333
1108,0.666666667
1109,0.666666667
1110,1.333333333
1111,0.333333333
1112,0.666666667
1113,2.333333333
1114,1.333333333
1115,1.333333333
1116,0.333333333
1117,2.666666667
1118,0.666666667
1119,0.333333333
1120,0.333333333
1121,0.333333333
1122,0.333333333
1123,2
1124,3
1125,1
1126,1
1127,0.666666667
1128,1.333333333
1129,3
1130,1.333333333
1131,0.333333333
1132,1
1133,1
1134,0.333333333
1135,0.333333333
1136,1.333333333
1137,0.333333333
1138,0.333333333
1139,1.333333333
1140,1.333333333
1141,2
1142,1
1143,1
1144,0.333333333
1145,1
1146,1
1147,0.666666667
1148,1.333333333
1149,1.666666667
1150,2.333333333
1151,0.333333333
1152,1
1153,0.333333333
1154,0.333333333
1155,1
1156,0.666666667
1157,2
1158,2.333333333
1159,0.333333333
1160,0.333333333
1161,0.333333333
1162,1
1163,2
1164,2.333333333
1165,0.333333333
1166,1
1167,0.333333333
1168,0.666666667
1169,1
1170,0.333333333
1171,0.666666667
1172,2
1173,1
1174,0.666666667
1175,1.666666667
1176,2
1177,1
1178,0.333333333
1179,0.333333333
1180,0.333333333
1181,1.333333333
1182,0.666666667
1183,0.666666667
1184,0.333333333
1185,0.666666667
1186,1
1187,0.333333333
1188,1.333333333
1189,0.666666667
1190,0.333333333
1191,4.666666667
1192,3.666666667
1193,2
1194,1
1195,0.333333333
1196,3
1197,1
1198,1.333333333
1199,4.666666667
1200,1.666666667
1201,2.666666667
1202,0.666666667
1203,1.333333333
1204,1.333333333
1205,0.666666667
1206,1
1207,0.333333333
1208,1
1209,3.666666667
1210,0.333333333
1211,2.666666667
1212,1.666666667
1213,2
1214,0.666666667
1215,1
1216,2.333333333
1217,0.333333333
1218,0.666666667
1219,0.666666667
1220,2.333333333
1221,1.333333333
1222,1
1223,1.333333333
1224,1.333333333
1225,0.333333333
1226,2.333333333
1227,1
1228,1.666666667
1229,1
1230,0.333333333
1231,1.333333333
1232,0.666666667
1233,1
1234,0.666666667
1235,1.666666667
1236,0.666666667
1237,0.333333333
1238,1.333333333
1239,0.333333333
1240,0.333333333
1241,0.333333333
1242,0.333333333
1243,0.333333333
1244,1.333333333
1245,0.333333333
1246,0.333333333
1247,0.333333333
1248,0.333333333
1249,0.666666667
1250,1
1251,0.333333333
1252,0.333333333
1253,0.333333333
1254,1.333333333
1255,0.666666667
1256,1
1257,0.333333333
1258,0.333333333
1259,0.666666667
1260,0.333333333
1261,1
1262,1.666666667
1263,0.666666667
1264,1.666666667
1265,0.333333333
1266,0.333333333
1267,1.333333333
1268,2
1269,0.333333333
1270,0.333333333
1271,1
1272,0.666666667
1273,1
1274,1
1275,1
1276,0.666666667
1277,0.333333333
1278,0.666666667
1279,0.333333333
1280,0.666666667
1281,1.333333333
1282,2
1283,2.666666667
1284,2.333333333
1285,0.333333333
1286,0.666666667
1287,0.666666667
1288,0.666666667
1289,0.333333333
1290,1.333333333
1291,3
1292,5
1293,0.666666667
1294,0.333333333
1295,1
1296,1.333333333
1297,1.666666667
1298,2
1299,2
1300,0.666666667
1301,0.333333333
1302,1.333333333
1303,2.666666667
1304,1.666666667
1305,0.333333333
1306,2
1307,2.333333333
1308,1.666666667
1309,1
1310,0.333333333
1311,2.666666667
1312,1
1313,1.333333333
1314,0.666666667
1315,0.666666667
1316,2
1317,1.666666667
1318,0.333333333
1319,0.333333333
1320,0.666666667
1321,1.333333333
1322,1
1323,1.333333333
1324,0.333333333
1325,1.666666667
1326,1.333333333
1327,1
1328,1
1329,0.333333333
1330,0.333333333
1331,1
1332,1.666666667
1333,2.333333333
1334,1.333333333
1335,1
1336,2.666666667
1337,2.333333333
1338,1.666666667
1339,0.333333333
1340,1
1341,1
1342,0.333333333
1343,2
1344,0.666666667
1345,2.333333333
1346,1.666666667
1347,0.666666667
1348,3.333333333
1349,2.333333333
1350,0.666666667
1351,1
1352,0.333333333
1353,0.666666667
1354,1.333333333
1355,1.333333333
1356,1
1357,0.666666667
1358,0.333333333
1359,0.333333333
1360,2
1361,1
1362,0.666666667
1363,0.666666667
1364,1.333333333
1365,1.333333333
1366,1.333333333
1367,1
1368,1.333333333
1369,2
1370,1.666666667
1371,0.333333333
1372,1.666666667
1373,0.666666667
1374,0.666666667
1375,1
1376,3.333333333
1377,1.333333333
1378,1
1379,1.333333333
1380,1
1381,0.666666667
1382,0.666666667
1383,0.333333333
1384,1
1385,0.333333333
1386,0.333333333
1387,1
1388,0.666666667
1389,1
1390,1
1391,2
1392,1.666666667
1393,1
1394,0.666666667
1395,1
1396,1.666666667
1397,0.333333333
1398,0.666666667
1399,0.666666667
1400,0.333333333
1401,1.666666667
1402,2.333333333
1403,0.666666667
1404,2.333333333
1405,1.333333333
1406,0.333333333
1407,1.333333333
1408,0.333333333
1409,1.333333333
1410,0.666666667
1411,2
1412,0.333333333
1413,0.666666667
1414,1.333333333
1415,4
1416,4.333333333
1417,0.333333333
1418,0.333333333
1419,2
1420,1.333333333
1421,0.333333333
1422,2.333333333
1423,0.666666667
1424,1
1425,0.666666667
1426,2
1427,0.666666667
1428,0.333333333
1429,1.333333333
1430,1.333333333
1431,1.333333333
1432,1
1433,0.333333333
1434,2.333333333
1435,2.666666667
1436,2.666666667
1437,1
1438,1.333333333
1439,1.333333333
1440,1
1441,0.333333333
1442,2.333333333
1443,0.333333333
1444,1
1445,1
1446,0.666666667
1447,2
1448,1
1449,2.333333333
1450,0.333333333
1451,0.666666667
1452,1.333333333
1453,2
1454,1
1455,0.333333333
1456,2.333333333
1457,0.333333333
1458,1
1459,1
1460,2.333333333
1461,1
1462,0.333333333
1463,4.333333333
1464,0.666666667
1465,1.333333333
1466,1.333333333
1467,1
1468,2
1469,2.666666667
1470,0.666666667
1471,3
1472,1.666666667
1473,0.666666667
1474,0.333333333
1475,0.666666667
1476,1
1477,2
1478,2.666666667
1479,2.666666667
1480,0.666666667
1481,1.666666667
1482,1.666666667
1483,0.333333333
1484,2
1485,0.333333333
1486,1.333333333
1487,0.666666667
1488,3
1489,3.666666667
1490,1
1491,0.666666667
1492,1.666666667
1493,1.333333333
1494,2.333333333
1495,2.333333333
1496,1.333333333
1497,1.333333333
1498,2
1499,4.333333333
1500,2.666666667
1501,3
1502,2.333333333
1503,2.333333333
1504,1
1505,2.333333333
1506,1.666666667
1507,3
1508,0.333333333
1509,1
1510,0.333333333
1511,1.333333333
1512,1.666666667
1513,1.333333333
1514,1.666666667
1515,3
1516,0.333333333
1517,1
1518,2.333333333
1519,1.666666667
1520,2
1521,2
1522,1
1523,0.333333333
1524,1.666666667
1525,1.333333333
1526,3.666666667
1527,1.333333333
1528,1
1529,3.666666667
1530,2.666666667
1531,0.666666667
1532,3
1533,0.666666667
1534,1.333333333
1535,0.333333333
1536,1.666666667
1537,1
1538,0.333333333
1539,0.666666667
1540,0.333333333
1541,0.666666667
1542,3
1543,1
1544,0.333333333
1545,0.666666667
1546,1.333333333
1547,4
1548,1
1549,0.333333333
1550,0.666666667
1551,0.666666667
1552,0.333333333
1553,2.666666667
1554,1.333333333
1555,1
1556,0.333333333
1557,0.333333333
1558,1
1559,2
1560,1
1561,0.333333333
1562,2
1563,0.333333333
1564,1
1565,0.666666667
1566,4.333333333
1567,1.333333333
1568,4
1569,2
1570,2
1571,2
1572,3
1573,2
1574,2
1575,0.666666667
1576,2.333333333
1577,1.333333333
1578,0.666666667
1579,0.666666667
1580,1.666666667
1581,1.333333333
1582,2.666666667
1583,3
1584,2.333333333
1585,3
1586,2.666666667
1587,0.333333333
1588,2.666666667
1589,1.333333333
1590,3.333333333
1591,2.333333333
1592,2.333333333
1593,1.666666667
1594,0.333333333
1595,1
1596,1.333333333
1597,2
1598,2.666666667
1599,3.666666667
1600,2.333333333
1601,0.666666667
1602,0.333333333
1603,2
1604,2
1605,3
1606,3.333333333
1607,3.333333333
1608,0.333333333
1609,1.333333333
1610,3.666666667
1611,4.333333333
1612,3.666666667
1613,1.333333333
1614,2.333333333
1615,3.333333333
1616,2.666666667
1617,0.666666667
1618,2.333333333
1619,2.333333333
1620,0.666666667
1621,1.333333333
1622,0.333333333
1623,3.333333333
1624,2
1625,0.333333333
1626,0.333333333
1627,1.333333333
1628,2
1629,1.666666667
1630,2.666666667
1631,1.666666667
1632,0.333333333
1633,0.666666667
1634,5.333333333
1635,2
1636,2.333333333
1637,1.666666667
1638,2.666666667
1639,0.333333333
1640,1.666666667
1641,1.333333333
1642,2.333333333
1643,2.666666667
1644,3
1645,2
1646,1
1647,1.333333333
1648,2.666666667
1649,3
1650,1.666666667
1651,1.333333333
1652,1.666666667
1653,5
1654,2
1655,2
1656,1.333333333
1657,1
1658,3.333333333
1659,4
1660,2.333333333
1661,1.666666667
1662,2.666666667
1663,0.333333333
1664,1
1665,2
1666,3.333333333
1667,3.333333333
1668,3
1669,1.333333333
1670,0.333333333
1671,0.666666667
1672,2.333333333
1673,2
1674,0.333333333
1675,1.333333333
1676,0.333333333
1677,2.666666667
1678,1.333333333
1679,3
1680,1.333333333
1681,1.333333333
1682,1
1683,3.666666667
1684,3
1685,1.333333333
1686,1.666666667
1687,2
1688,2.666666667
1689,2.333333333
1690,1
1691,1.333333333
1692,0.333333333
1693,0.333333333
1694,1
1695,2.333333333
1696,3
1697,2
1698,1.666666667
1699,1.666666667
1700,1
1701,1.333333333
1702,2.333333333
1703,1.666666667
1704,3
1705,1.666666667
1706,1.666666667
1707,2
1708,4
1709,2.333333333
1710,2.666666667
1711,0.333333333
1712,2
1713,2.333333333
1714,2.666666667
1715,2.666666667
1716,2
1717,1.333333333
1718,0.333333333
1719,1.666666667
1720,1
1721,1.333333333
1722,0.333333333
1723,0.333333333
1724,0.666666667
1725,3.333333333
1726,1.666666667
1727,1.666666667
1728,2.666666667
1729,1.666666667
1730,0.333333333
1731,2
1732,2.666666667
1733,2.666666667
1734,3
1735,1
1736,2.333333333
1737,0.333333333
1738,1.333333333
1739,4.666666667
1740,4.666666667
1741,2
1742,1.333333333
1743,1.666666667
1744,0.666666667
1745,1
1746,2
1747,1.666666667
1748,1.666666667
1749,2
1750,0.666666667
1751,1
1752,1.333333333
1753,1.333333333
1754,3.666666667
1755,2.333333333
1756,1
1757,1
1758,2
1759,1.333333333
1760,2
1761,1
1762,0.333333333
1763,0.333333333
1764,0.333333333
1765,2.333333333
1766,3.666666667
1767,0.666666667
1768,1
1769,2.666666667
1770,1
1771,1.333333333
1772,1.666666667
1773,3.333333333
1774,2.333333333
1775,0.333333333
1776,1
1777,2
1778,1
1779,2
1780,0.333333333
1781,1.666666667
1782,0.333333333
1783,1.25
1784,1
1785,1
1786,2.5
1787,1.25
1788,1
1789,2.75
1790,1.5
1791,2.5
1792,2.25
1793,4
1794,1
1795,0.5
1796,1.25
1797,1.75
1798,0.5
1799,1
1800,2
1801,0.75
1802,1.75
1803,1.25
1804,3.5
1805,1.75
1806,3.25
1807,0.25
1808,1.5
1809,2
1810,2
1811,1.5
1812,1.75
1813,0.5
1814,2.25
1815,3.75
1816,2.5
1817,2
1818,1.5
1819,1
1820,1.25
1821,1.5
1822,3
1823,0.75
1824,1.75
1825,1
1826,2.5
1827,1.25
1828,1
1829,2.5
1830,1.5
1831,0.75
1832,1.75
1833,2
1834,2
1835,0.75
1836,0.75
1837,0.4
1838,0.2
1839,1
1840,1.2
1841,1.2
1842,1
1843,1
1844,0.6
1845,0.6
1846,1.2
1847,1
1848,1
1849,0.6
1850,0.2
1851,0.8
1852,0.6
1853,0.8
1854,0.2
1855,0.2
1856,0.2
1857,0.8
1858,1.6
1859,1.2
1860,0.4
1861,2
1862,0.6
1863,0.2
1864,0.2
1865,0.6
1866,1.2
1867,2.4
1868,0.8
1869,0.4
1870,1.6
1871,0.6
1872,1.4
1873,2
1874,3.2
1875,0.4
1876,1.6
1877,2.2
1878,2
1879,1.4
1880,2.2
1881,0.2
1882,1
1883,1.2
1884,1
1885,1.2
1886,1.2
1887,1.2
1888,0.2
1889,0.8
1890,1.2
1891,1.8
1892,2.2
1893,2.4
1894,1.8
1895,0.8
1896,1.2
1897,1.8
1898,2.6
1899,6.2
1900,2.2
1901,1.4
1902,1.8
1903,2.2
1904,3
1905,3.8
1906,1.4
1907,1.8
1908,0.4
1909,3.6
1910,2.6
1911,1.4
1912,2.2
1913,1
1914,2
1915,0.6
1916,1.6
1917,2.2
1918,3.2
1919,1.2
1920,0.8
1921,0.2
1922,0.4
1923,0.8
1924,2
1925,3.4
1926,3.2
1927,1.6
1928,0.6
1929,2.2
1930,1.8
1931,2
1932,1.2
1933,1
1934,0.2
1935,1
1936,0.2
1937,2
1938,1.4
1939,1
1940,1
1941,0.2
1942,1.4
1943,1.4
1944,2.2
1945,0.8
1946,2
1947,3
1948,0.6
1949,0.6
1950,3
1951,0.5
1952,3
1953,0.5
1954,0.166666667
1955,3.166666667
1956,0.833333333
1957,1.5
1958,2.333333333
1959,1.166666667
1960,0.833333333
1961,0.666666667
1962,1.833333333
1963,0.833333333
1964,1
1965,1.333333333
1966,0.166666667
1967,0.666666667
1968,1.333333333
1969,1.333333333
1970,0.833333333
1971,1.666666667
1972,1
1973,0.833333333
1974,1.166666667
1975,1
1976,1.333333333
1977,1.333333333
1978,1.333333333
1979,0.166666667
1980,0.666666667
1981,2
1982,2.333333333
1983,4
1984,1.5
1985,1.333333333
1986,0.5
1987,1.166666667
1988,1.666666667
1989,1.166666667
1990,2.333333333
1991,0.833333333
1992,1
1993,0.166666667
1994,0.666666667
1995,2.333333333
1996,1
1997,1.5
1998,1.833333333
1999,0.166666667
2000,0.333333333
2001,0.166666667
2002,0.833333333
2003,0.5
2004,0.333333333
2005,0.166666667
2006,0.5
2007,0.333333333
2008,0.333333333
2009,0.666666667
2010,1.166666667
2011,2
2012,1.666666667
2013,1.166666667
2014,3
2015,1.333333333
2016,0.5
2017,0.333333333
2018,1
2019,2
2020,2
2021,0.833333333
2022,0.833333333
2023,0.333333333
2024,0.333333333
2025,5.166666667
2026,3.5
2027,2
2028,1.666666667
2029,1.666666667
2030,1.333333333
2031,1.833333333
2032,0.5
2033,0.666666667
2034,1.833333333
2035,1.166666667
2036,0.5
2037,0.5
2038,1.5
2039,0.666666667
2040,2.5
2041,1.5
2042,0.166666667
2043,1.166666667
2044,0.833333333
2045,0.833333333
2046,3
2047,1
2048,1.166666667
2049,1.833333333
2050,0.666666667
2051,1.666666667
2052,1
2053,0.5
2054,0.833333333
2055,0.833333333
2056,1
2057,2
2058,0.666666667
2059,0.833333333
2060,1
2061,0.833333333
2062,0.833333333
2063,1.333333333
2064,1
2065,1
2066,2
2067,1.166666667
2068,0.833333333
2069,3.166666667
2070,2
2071,0.5
2072,0.833333333
2073,3.666666667
2074,0.666666667
2075,1.833333333
2076,1
2077,2
2078,0.166666667
2079,0.166666667
2080,0.5
2081,2
2082,1.5
2083,2.5
2084,2.166666667
2085,1.666666667
2086,0.166666667
2087,0.833333333
2088,0.5
2089,1.333333333
2090,2.333333333
2091,0.333333333
2092,0.333333333
2093,2
2094,1.333333333
2095,2.666666667
2096,0.5
2097,1.833333333
2098,0.5
2099,1.166666667
2100,1.5
2101,1
2102,1.166666667
2103,0.666666667
2104,0.5
2105,0.666666667
2106,0.5
2107,1
2108,1.666666667
2109,0.666666667
2110,0.166666667
2111,1.5
2112,1.5
2113,0.833333333
2114,1
2115,0.833333333
2116,0.666666667
2117,0.333333333
2118,0.666666667
2119,0.166666667
2120,0.666666667
2121,1.833333333
2122,1.666666667
2123,0.5
2124,0.666666667
2125,1
2126,0.666666667
2127,0.166666667
2128,0.333333333
2129,1.666666667
2130,1.5
2131,0.666666667
2132,1.166666667
2133,0.666666667
2134,0.333333333
2135,0.333333333
2136,1
2137,0.5
2138,1
2139,0.333333333
2140,0.833333333
2141,0.833333333
2142,1
2143,1.333333333
2144,1.666666667
2145,0.5
2146,0.166666667
2147,0.166666667
2148,1.166666667
2149,1
2150,1.333333333
2151,2.5
2152,1.333333333
2153,0.333333333
2154,1.166666667
2155,0.833333333
2156,1.5
2157,2.833333333
2158,1.333333333
2159,0.333333333
2160,0.166666667
2161,1.333333333
2162,1.333333333
2163,2.333333333
2164,0.5
2165,0.5
2166,0.5
2167,0.166666667
2168,1.166666667
2169,1
2170,1.166666667
2171,2.166666667
2172,1.333333333
2173,0.666666667
2174,0.5
2175,1.166666667
2176,0.833333333
2177,0.833333333
2178,0.166666667
2179,0.166666667
2180,0.166666667
2181,0.5
2182,1.833333333
2183,0.166666667
2184,0.666666667
2185,0.333333333
2186,0.166666667
2187,0.166666667
2188,1
2189,0.333333333
2190,0.5
2191,0.333333333
2192,0.166666667
2193,0.833333333
2194,0.333333333
2195,1.166666667
2196,0.5
2197,1
2198,0.166666667
2199,0.5
2200,1.333333333
2201,0.5
2202,1.666666667
2203,2
2204,0.666666667
2205,0.666666667
2206,1
2207,0.5
2208,1.333333333
2209,0.166666667
2210,0.666666667
2211,0.166666667
2212,0.166666667
2213,0.333333333
2214,1.333333333
2215,1.5
2216,0.666666667
2217,0.166666667
2218,0.5
2219,0.5
2220,1.666666667
2221,0.666666667
2222,1
2223,0.5
2224,4.333333333
2225,1.333333333
2226,5.166666667
2227,1.666666667
2228,1.333333333
2229,0.166666667
2230,0.333333333
2231,6.166666667
2232,1.666666667
2233,1.5
2234,1.666666667
2235,1
2236,1.166666667
2237,4.166666667
2238,1.166666667
2239,1.333333333
2240,0.166666667
2241,0.666666667
2242,1.5
2243,1.333333333
2244,1.833333333
2245,0.5
2246,1.5
2247,1.333333333
2248,0.333333333
2249,4.166666667
2250,3.166666667
2251,3.166666667
2252,3
2253,2.833333333
2254,1.833333333
2255,0.5
2256,3
2257,2.833333333
2258,2
2259,2.833333333
2260,1.833333333
2261,1.5
2262,0.5
2263,4
2264,2.166666667
2265,3.5
2266,4.5
2267,1.5
2268,1.5
2269,0.333333333
2270,2
2271,1.5
2272,2
2273,2.5
2274,1.5
2275,0.666666667
2276,0.166666667
2277,1.5
2278,2.5
2279,3.333333333
2280,3.166666667
2281,2.666666667
2282,0.166666667
2283,0.333333333
2284,2.666666667
2285,1.5
2286,2.166666667
2287,3.333333333
2288,3
2289,0.5
2290,0.166666667
2291,0.166666667
2292,0.666666667
2293,0.333333333
2294,1.833333333
2295,1.833333333
2296,0.833333333
2297,0.166666667
2298,2
2299,1.666666667
2300,2.333333333
2301,2.5
2302,3.833333333
2303,2.833333333
2304,1.333333333
2305,1.5
2306,2.166666667
2307,3.333333333
2308,2.833333333
2309,2.666666667
2310,2.166666667
2311,0.166666667
2312,0.833333333
2313,1.666666667
2314,2
2315,3.333333333
2316,3
2317,0.666666667
2318,0.833333333
2319,1.5
2320,2.666666667
2321,2.333333333
2322,2.333333333
2323,2.666666667
2324,1.833333333
2325,1.666666667
2326,2.333333333
2327,2
2328,1
2329,3
2330,1.333333333
2331,1.5
2332,0.333333333
2333,1.333333333
2334,1.666666667
2335,0.833333333
2336,0.166666667
2337,0.5
2338,1.166666667
2339,0.833333333
2340,2.333333333
2341,0.5
2342,1.166666667
2343,0.5
2344,1
2345,1.833333333
2346,2.666666667
2347,3.166666667
2348,0.666666667
2349,1.5
2350,0.333333333
2351,1.5
2352,1.166666667
2353,1.833333333
2354,2
2355,2
2356,0.5
2357,0.5
2358,3.166666667
2359,1.833333333
2360,2.666666667
2361,2.666666667
2362,1.166666667
2363,0.333333333
2364,0.166666667
2365,1
2366,2.833333333
2367,2.166666667
2368,3.666666667
2369,1.666666667
2370,0.333333333
2371,0.666666667
2372,1.5
2373,1
2374,2.333333333
2375,1.333333333
2376,1.5
2377,0.5
2378,0.666666667
2379,1
2380,3.166666667
2381,1.833333333
2382,2.666666667
2383,1.333333333
2384,1.333333333
2385,1.833333333
2386,1.666666667
2387,3
2388,2.166666667
2389,4.5
2390,0.5
2391,2.166666667
2392,1.666666667
2393,1.666666667
2394,0.833333333
2395,1.333333333
2396,1.333333333
2397,0.833333333
2398,1.166666667
2399,3
2400,0.666666667
2401,3.666666667
2402,3.333333333
2403,1.833333333
2404,0.166666667
2405,2.166666667
2406,2.833333333
2407,1.166666667
2408,2
2409,3.333333333
2410,2
2411,0.333333333
2412,1
2413,1.666666667
2414,1.5
2415,2.666666667
2416,2.166666667
2417,1.333333333
2418,0.5
2419,1
2420,3
2421,3.5
2422,2.666666667
2423,2.5
2424,1.166666667
2425,1.833333333
2426,1.333333333
2427,1.833333333
2428,3.166666667
2429,2.333333333
2430,1.5
2431,0.166666667
2432,3
2433,0.666666667
2434,4.166666667
2435,1.166666667
2436,0.833333333
2437,0.166666667
2438,0.333333333
2439,2.166666667
2440,0.833333333
2441,1.666666667
2442,0.166666667
2443,0.5
2444,0.666666667
2445,1
2446,2.333333333
2447,1.666666667
2448,2.166666667
2449,0.666666667
2450,0.5
2451,1
2452,1.166666667
2453,2.333333333
2454,3.166666667
2455,0.5
2456,2.5
2457,1.166666667
2458,4
2459,2
2460,1.5
2461,3.5
2462,1.666666667
2463,1.666666667
2464,0.166666667
2465,1.333333333
2466,2
2467,2.333333333
2468,2.833333333
2469,1.666666667
2470,0.5
2471,0.333333333
2472,0.5
2473,1.166666667
2474,2.666666667
2475,0.166666667
2476,1
2477,1.833333333
2478,0.5
2479,1.166666667
2480,1.333333333
2481,2.333333333
2482,1.666666667
2483,2.333333333
2484,1.5
2485,0.166666667
2486,0.333333333
2487,1.5
2488,1
2489,3.5
2490,2.333333333
2491,1.333333333
2492,2.666666667
2493,1.333333333
2494,2.666666667
2495,2.166666667
2496,1.833333333
2497,3
2498,0.833333333
2499,1.166666667
2500,1.833333333
2501,2.5
2502,2.166666667
2503,0.5
2504,0.666666667
2505,0.333333333
2506,1.5
2507,2
2508,2.166666667
2509,2.333333333
2510,1.833333333
2511,1.5
2512,1.166666667
2513,1.5
2514,0.5
2515,2
2516,1.5
2517,0.333333333
2518,0.166666667
2519,1
2520,0.5
2521,2.166666667
2522,2.333333333
2523,1.833333333
2524,0.333333333
2525,0.666666667
2526,1.166666667
2527,0.333333333
2528,1.833333333
2529,0.833333333
2530,0.5
2531,0.166666667
2532,0.833333333
2533,0.5
2534,0.5
2535,0.666666667
2536,0.333333333
2537,0.333333333
2538,1
2539,1.5
2540,0.5
2541,1
2542,0.333333333
2543,0.333333333
2544,1.666666667
2545,1.166666667
2546,0.666666667
2547,0.166666667
2548,0.333333333
2549,1.5
2550,0.5
2551,1.833333333
2552,1.833333333
2553,0.166666667
2554,0.666666667
2555,0.666666667
2556,1.5
2557,1.5
2558,2.166666667
2559,0.166666667
2560,1.166666667
2561,2
2562,0.833333333
2563,0.666666667
2564,0.666666667
2565,1.166666667
2566,0.666666667
2567,0.833333333
2568,3
2569,3.5
2570,1.833333333
2571,0.833333333
2572,1.166666667
2573,1.333333333
2574,0.666666667
2575,1.666666667
2576,2.833333333
2577,1.166666667
2578,0.833333333
2579,2.166666667
2580,2
2581,2
2582,2.333333333
2583,2.5
2584,1
2585,0.166666667
2586,0.666666667
2587,2.166666667
2588,1.666666667
2589,1.5
2590,1.333333333
2591,1.166666667
2592,0.333333333
2593,1.166666667
2594,2
2595,3
2596,2.5
2597,1
2598,1.166666667
2599,0.666666667
2600,2.166666667
2601,2.833333333
2602,1.5
2603,2.833333333
2604,1.833333333
2605,1.5
2606,0.333333333
2607,1.333333333
2608,4.833333333
2609,2.5
2610,1.166666667
2611,0.5
2612,1.166666667
2613,0.166666667
2614,1
2615,1
2616,1.5
2617,0.833333333
2618,2.166666667
2619,0.833333333
2620,0.833333333
2621,1
2622,1.5
2623,1.5
2624,0.666666667
2625,1.166666667
2626,0.333333333
2627,0.833333333
2628,1.833333333
2629,2.5
2630,2.666666667
2631,1.666666667
2632,0.333333333
2633,0.166666667
2634,1.333333333
2635,1.833333333
2636,0.333333333
2637,1.5
2638,2
2639,1.166666667
2640,0.5
2641,1.333333333
2642,0.666666667
2643,1.333333333
2644,1.333333333
2645,0.5
2646,1.833333333
2647,1.333333333
2648,2.333333333
2649,1.166666667
2650,1.5
2651,0.5
2652,2.666666667
2653,1
2654,1
2655,1.666666667
2656,2
2657,0.833333333
2658,1.833333333
2659,2.5
2660,1.166666667
2661,2.666666667
2662,2.333333333
2663,0.666666667
2664,2.166666667
2665,3
2666,1.5
2667,1.166666667
2668,1
2669,1.333333333
2670,0.166666667
2671,0.166666667
2672,0.5
2673,0.166666667
2674,0.166666667
2675,0.333333333
2676,0.5
2677,0.333333333
2678,1.166666667
2679,1.666666667
2680,0.166666667
2681,1.333333333
2682,0.166666667
2683,1.333333333
2684,1.666666667
2685,1
2686,1.333333333
2687,3
2688,1.666666667
2689,0.833333333
2690,0.833333333
2691,1.833333333
2692,2.833333333
2693,3
2694,1.5
2695,0.833333333
2696,0.166666667
2697,1.833333333
2698,0.666666667
2699,1.833333333
2700,0.5
2701,0.833333333
2702,1.166666667
2703,2.5
2704,3.166666667
2705,2.5
2706,3
2707,1.333333333
2708,0.333333333
2709,1.5
2710,2.333333333
2711,2.833333333
2712,3.166666667
2713,4.833333333
2714,3
2715,1
2716,3.5
2717,2.666666667
2718,2.333333333
2719,3.166666667
2720,3.333333333
2721,3.166666667
2722,1.666666667
2723,1.5
2724,1.5
2725,2.166666667
2726,0.833333333
2727,1.166666667
2728,1.166666667
2729,0.333333333
2730,0.333333333
2731,1.166666667
2732,1.666666667
2733,2
2734,2
2735,1.666666667
2736,0.166666667
2737,2.5
2738,1.666666667
2739,1.666666667
2740,3.333333333
2741,1.833333333
2742,2.666666667
2743,0.5
2744,2
2745,1.333333333
2746,1.333333333
2747,0.5
2748,2
2749,0.833333333
2750,0.333333333
2751,1.666666667
2752,2.666666667
2753,3
2754,1.833333333
2755,0.666666667
2756,1.333333333
2757,0.833333333
2758,2.333333333
2759,2.666666667
2760,1.833333333
2761,4
2762,2.333333333
2763,2
2764,0.5
2765,1.333333333
2766,2.333333333
2767,1.333333333
2768,0.833333333
2769,1.166666667
2770,0.5
2771,0.166666667
2772,0.333333333
2773,0.666666667
2774,2.666666667
2775,3.833333333
2776,4
2777,2.333333333
2778,1.166666667
2779,1.833333333
2780,1.666666667
2781,1.666666667
2782,2
2783,2.666666667
2784,2.166666667
2785,0.333333333
2786,1.333333333
2787,2.166666667
2788,4.666666667
2789,2.333333333
2790,2.166666667
2791,1.166666667
2792,4.666666667
2793,4.5
2794,5.166666667
2795,3.333333333
2796,4.666666667
2797,1.333333333
2798,2.833333333
2799,2.666666667
2800,2
2801,3.666666667
2802,4.166666667
2803,5.666666667
2804,4.666666667
2805,2.666666667
2806,3.5
2807,4.333333333
2808,4
2809,1.333333333
2810,4.666666667
2811,3
2812,0.833333333
2813,2.166666667
2814,2
2815,3.666666667
2816,6.5
2817,3.833333333
2818,3.333333333
2819,0.666666667
2820,2.5
2821,2.666666667
2822,6.166666667
2823,3.666666667
2824,3.333333333
2825,2.833333333
2826,0.5
2827,3.166666667
2828,2.333333333
2829,1
2830,1.333333333
2831,2.333333333
2832,4.833333333
2833,0.333333333
2834,4.833333333
2835,2.166666667
2836,2.833333333
2837,3.333333333
2838,4
2839,5
2840,1.666666667
2841,3
2842,4.666666667
2843,4.833333333
2844,4.666666667
2845,3.833333333
2846,1
2847,0.833333333
2848,1.333333333
2849,3.166666667
2850,3.833333333
2851,2.666666667
2852,2.166666667
2853,1.5
2854,0.5
2855,1.833333333
2856,2.833333333
2857,3.666666667
2858,2
2859,3.333333333
2860,1.5
2861,1.333333333
2862,1.5
2863,0.833333333
2864,1.5
2865,3.833333333
2866,2.833333333
2867,2.166666667
2868,0.166666667
2869,1.166666667
2870,2.166666667
2871,1
2872,1
2873,1.166666667
2874,0.666666667
2875,0.333333333
2876,1
2877,1.666666667
2878,0.333333333
2879,0.666666667
2880,2.333333333
2881,1.5
2882,0.166666667
2883,0.666666667
2884,1.666666667
2885,1.166666667
2886,1.666666667
2887,0.833333333
2888,0.833333333
2889,0.5
2890,0.166666667
2891,0.666666667
2892,0.5
2893,2.5
2894,1.666666667
2895,0.833333333
2896,1.666666667
2897,1
2898,1.166666667
2899,1.5
2900,3.166666667
2901,0.833333333
2902,1.166666667
2903,1.666666667
2904,1.333333333
2905,0.666666667
2906,1.333333333
2907,1
2908,0.666666667
2909,1
2910,2
2911,1.166666667
2912,1.166666667
2913,0.666666667
2914,0.833333333
2915,1.666666667
2916,2
2917,1.5
2918,2.833333333
2919,1.833333333
2920,0.5
2921,0.333333333
2922,2.333333333
2923,2.333333333
2924,3.666666667
2925,2.333333333
2926,2
2927,2.333333333
2928,1.166666667
2929,1.666666667
2930,1.5
2931,1.833333333
2932,1.5
2933,1.666666667
2934,0.333333333
2935,0.166666667
2936,2.333333333
2937,1.166666667
2938,2.166666667
2939,1.666666667
2940,1.166666667
2941,1.166666667
2942,0.333333333
2943,1.333333333
2944,1.5
2945,4.5
2946,4.666666667
2947,2.166666667
2948,1
2949,0.5
2950,2.666666667
2951,1.666666667
2952,2.666666667
2953,1.5
2954,1
2955,1.333333333
2956,0.166666667
2957,1.166666667
2958,3.5
2959,0.833333333
2960,1.666666667
2961,1
2962,1.333333333
2963,0.833333333
2964,1.666666667
2965,1.333333333
2966,0.333333333
2967,1.5
2968,0.666666667
2969,1.833333333
2970,0.333333333
2971,1.166666667
2972,0.5
2973,1.5
2974,1.666666667
2975,1.5
2976,2.166666667
2977,0.333333333
2978,0.833333333
2979,1.5
2980,1.833333333
2981,2.166666667
2982,1
2983,1.166666667
2984,2.166666667
2985,4
2986,1.833333333
2987,0.333333333
2988,3
2989,1.333333333
2990,0.5
2991,2
2992,2.666666667
2993,2.333333333
2994,1.5
2995,2.166666667
2996,1.333333333
2997,1.666666667
2998,2.666666667
2999,2.833333333
3000,5.833333333
3001,2
3002,3.166666667
3003,3.333333333
3004,1
3005,3
3006,3.5
3007,3.833333333
3008,2.333333333
3009,1.833333333
3010,2
3011,1
3012,3
3013,2.333333333
3014,2.666666667
3015,3.666666667
3016,2
3017,0.833333333
3018,0.5
3019,3.833333333
3020,3.666666667
3021,5.666666667
3022,3.5
3023,3.833333333
3024,3.166666667
3025,1.166666667
3026,1.5
3027,1.166666667
3028,1.5
3029,3.833333333
3030,2.5
3031,0.333333333
3032,0.166666667
3033,0.5
3034,1.166666667
3035,1.333333333
3036,2.666666667
3037,0.5
3038,0.166666667
3039,1.333333333
3040,1.166666667
3041,1.833333333
3042,3.333333333
3043,1.166666667
3044,2.333333333
3045,0.166666667
3046,3.166666667
3047,3.666666667
3048,4
3049,4
3050,1.666666667
3051,1.833333333
3052,0.833333333
3053,2.166666667
3054,2.5
3055,2.166666667
3056,1.833333333
3057,1.666666667
3058,0.5
3059,0.166666667
3060,3.166666667
3061,1.666666667
3062,4.166666667
3063,2
3064,3.166666667
3065,1.833333333
3066,0.333333333
3067,1.833333333
3068,2.5
3069,2
3070,2.666666667
3071,1.833333333
3072,1.833333333
3073,1.666666667
3074,1
3075,1
3076,0.5
3077,1
3078,1
3079,1.166666667
3080,3.666666667
3081,2.666666667
3082,3.166666667
3083,1.666666667
3084,1.666666667
3085,1.666666667
3086,0.333333333
3087,0.666666667
3088,1.5
3089,1
3090,1.333333333
3091,0.833333333
3092,0.5
3093,0.666666667
3094,1
3095,1.666666667
3096,1.333333333
3097,1
3098,1.5
3099,2.333333333
3100,1
3101,0.833333333
3102,1
3103,2.5
3104,2
3105,1.5
3106,1.833333333
3107,0.666666667
3108,0.666666667
3109,1
3110,1.333333333
3111,0.833333333
3112,2.5
3113,1.166666667
3114,0.166666667
3115,0.333333333
3116,1.666666667
3117,3.333333333
3118,4.333333333
3119,3
3120,2
3121,1.166666667
3122,0.5
3123,1
3124,1.666666667
3125,2.5
3126,1.666666667
3127,1.833333333
3128,0.166666667
3129,0.666666667
3130,3
3131,2.5
3132,3.833333333
3133,3.333333333
3134,2.166666667
3135,0.333333333
3136,0.5
3137,2.166666667
3138,2.5
3139,3
3140,1.833333333
3141,1.166666667
3142,0.833333333
3143,1.666666667
3144,1.833333333
3145,2.166666667
3146,0.833333333
3147,1.666666667
3148,2
3149,0.166666667
3150,2.833333333
3151,2.166666667
3152,1.5
3153,2.166666667
3154,1.333333333
3155,0.666666667
3156,0.666666667
3157,2.166666667
3158,2
3159,1.666666667
3160,0.666666667
3161,1.166666667
3162,0.833333333
3163,2
3164,2.333333333
3165,1.666666667
3166,2.5
3167,6.5
3168,1.5
3169,0.833333333
3170,3.5
3171,3.333333333
3172,1.166666667
3173,0.833333333
3174,1.5
3175,1.333333333
3176,0.833333333
3177,1.333333333
3178,5.333333333
3179,1.5
3180,1.666666667
3181,2.666666667
3182,0.833333333
3183,1
3184,2.333333333
3185,2.666666667
3186,2.5
3187,1.666666667
3188,3.833333333
3189,1.333333333
3190,0.666666667
3191,2.666666667
3192,4.333333333
3193,3
3194,3.833333333
3195,3.833333333
3196,2.666666667
3197,0.166666667
3198,1.5
3199,1.833333333
3200,4.166666667
3201,5
3202,2.833333333
3203,2.166666667
3204,1.5
3205,2.5
3206,4.833333333
3207,4
3208,4.666666667
3209,4.5
3210,1.5
3211,0.5
3212,1.833333333
3213,2.833333333
3214,3
3215,1.666666667
3216,1.833333333
3217,1
3218,1
3219,1.333333333
3220,5.166666667
3221,4
3222,2.666666667
3223,1.5
3224,2.833333333
3225,0.833333333
3226,3.666666667
3227,7.833333333
3228,3.833333333
3229,3.666666667
3230,4
3231,2.5
3232,1
3233,4.666666667
3234,2.666666667
3235,2.833333333
3236,1.833333333
3237,3.5
3238,1.5
3239,0.166666667
3240,1.5
3241,1.833333333
3242,2.5
3243,1.833333333
3244,4
3245,2
3246,0.666666667
3247,1.5
3248,3.333333333
3249,5
3250,4
3251,5.5
3252,5.333333333
3253,1.666666667
3254,2
3255,5.666666667
3256,12
3257,5
3258,3.833333333
3259,2.5
3260,1.166666667
3261,0.5
3262,6.333333333
3263,3.833333333
3264,2.333333333
3265,3.5
3266,1.166666667
3267,0.166666667
3268,1.5
3269,2.333333333
3270,1.833333333
3271,2.666666667
3272,2.166666667
3273,1.666666667
3274,1.833333333
3275,1.333333333
3276,1.333333333
3277,1.833333333
3278,2.166666667
3279,5
3280,2.666666667
3281,0.666666667
3282,3.5
3283,4.166666667
3284,4.5
3285,4.5
3286,4
3287,4
3288,2.666666667
3289,3.666666667
3290,5
3291,3.333333333
3292,5
3293,2.5
3294,2.833333333
3295,0.5
3296,2.666666667
3297,7.333333333
3298,3
3299,3
3300,5.166666667
3301,2.166666667
3302,0.833333333
3303,2.333333333
3304,3.833333333
3305,3.333333333
3306,1.666666667
3307,4.5
3308,1.833333333
3309,1.5
3310,4
3311,5.166666667
3312,3.833333333
3313,3.5
3314,3
3315,3.5
3316,1.166666667
3317,3
3318,5.833333333
3319,4.666666667
3320,3
3321,2.5
3322,1.833333333
3323,1.333333333
3324,2.166666667
3325,3.166666667
3326,4.166666667
3327,4.666666667
3328,2.666666667
3329,2.166666667
3330,1.5
3331,4.5
3332,4
3333,5.333333333
3334,6.666666667
3335,3.5
3336,3.333333333
3337,0.666666667
3338,3.166666667
3339,3.166666667
3340,7
3341,6
3342,4.5
3343,3.333333333
3344,0.666666667
3345,4.666666667
3346,4.666666667
3347,3.166666667
3348,5.333333333
3349,3.166666667
3350,2.666666667
3351,1
3352,4.166666667
3353,5.166666667
3354,3
3355,4.833333333
3356,5.5
3357,2.333333333
3358,1.833333333
3359,2.5
3360,4
3361,5.333333333
3362,4
3363,7.166666667
3364,7.166666667
3365,3.166666667
3366,3.5
3367,4.5
3368,2
3369,5.166666667
3370,3.5
3371,3
3372,1.5
3373,2.333333333
3374,4.5
3375,3.333333333
3376,7.166666667
3377,5.5
3378,3.333333333
3379,0.666666667
3380,2.166666667
3381,5.166666667
3382,3.833333333
3383,4.833333333
3384,1.833333333
3385,1.166666667
3386,0.333333333
3387,3.5
3388,2.666666667
3389,3.833333333
3390,3.666666667
3391,1.833333333
3392,3.166666667
3393,0.333333333
3394,2
3395,2.666666667
3396,1.333333333
3397,2.833333333
3398,5.333333333
3399,5
3400,2
3401,3
3402,2.5
3403,2.166666667
3404,2.333333333
3405,3.666666667
3406,2.666666667
3407,0.5
3408,1.666666667
3409,2.166666667
3410,4.166666667
3411,4
3412,3.166666667
3413,3.666666667
3414,0.333333333
3415,3.666666667
3416,4
3417,3
3418,3
3419,2.333333333
3420,2
3421,0.166666667
3422,4.166666667
3423,5.333333333
3424,3.333333333
3425,1.166666667
3426,5.333333333
3427,7
3428,1.833333333
3429,6.166666667
3430,3.166666667
3431,2.166666667
3432,3
3433,3
3434,2.333333333
3435,1
3436,2.5
3437,2.666666667
3438,3.166666667
3439,4
3440,3.833333333
3441,2.833333333
3442,1
3443,3.5
3444,4.333333333
3445,8
3446,3
3447,4.166666667
3448,2.5
3449,1.333333333
3450,3
3451,5
3452,2.333333333
3453,2.666666667
3454,4.5
3455,2.333333333
3456,1.5
3457,3.833333333
3458,4.833333333
3459,3.333333333
3460,4.5
3461,6
3462,1.833333333
3463,1
3464,2.5
3465,4.333333333
3466,3.333333333
3467,2.833333333
3468,4.166666667
3469,4.333333333
3470,2.833333333
3471,4.5
3472,3.833333333
3473,2.166666667
3474,2.333333333
3475,3
3476,1.5
3477,1
3478,1.166666667
3479,2.833333333
3480,2.5
3481,2.666666667
3482,1.833333333
3483,1.5
3484,0.166666667
3485,1.166666667
3486,3.5
3487,2
3488,1.166666667
3489,4.5
3490,1.666666667
3491,0.166666667
3492,1
3493,1.666666667
3494,4.833333333
3495,3.5
3496,2
3497,1.666666667
3498,0.166666667
3499,0.833333333
3500,2.666666667
3501,3.333333333
3502,1.333333333
3503,3.5
3504,2.666666667
3505,0.666666667
3506,1.5
3507,4.833333333
3508,3.5
3509,2.333333333
3510,3.333333333
3511,2.5
3512,0.833333333
3513,3.166666667
3514,3.666666667
3515,2.333333333
3516,2.666666667
3517,4.166666667
3518,2
3519,2
3520,4.666666667
3521,1
3522,1.333333333
3523,2.833333333
3524,1.833333333
3525,1.833333333
3526,2.333333333
3527,4.5
3528,4.166666667
3529,2.333333333
3530,2.833333333
3531,6.166666667
3532,3.333333333
3533,0.666666667
3534,4
3535,6.5
3536,3.833333333
3537,2
3538,3.833333333
3539,3.666666667
3540,3.166666667
3541,4
3542,5.333333333
3543,2.666666667
3544,5
3545,5
3546,2.833333333
3547,1
3548,1.5
3549,3.666666667
3550,5.166666667
3551,4.333333333
3552,3.666666667
3553,2.833333333
3554,0.666666667
3555,2.666666667
3556,2.333333333
3557,6.666666667
3558,3.666666667
3559,3
3560,2
3561,2.666666667
3562,4.166666667
3563,3.833333333
3564,5
3565,6.166666667
3566,4.833333333
3567,2.666666667
3568,2.666666667
3569,5.333333333
3570,4.833333333
3571,3
3572,4.333333333
3573,4.333333333
3574,2.666666667
3575,0.666666667
3576,4.333333333
3577,6
3578,3.333333333
3579,7
3580,3.166666667
3581,1.333333333
3582,0.666666667
3583,3.5
3584,5.5
3585,4
3586,4.666666667
3587,4.333333333
3588,2
3589,1.333333333
3590,2.666666667
3591,1.833333333
3592,2.666666667
3593,3.333333333
3594,3.5
3595,2.166666667
3596,1.5
3597,2.333333333
3598,4.166666667
3599,4.666666667
3600,3.5
3601,1.833333333
3602,0.833333333
3603,1.5
3604,3.333333333
3605,6.166666667
3606,4.166666667
3607,1.666666667
3608,3.166666667
3609,1
3610,1.333333333
3611,3
3612,2.833333333
3613,2.333333333
3614,4.5
3615,3.666666667
3616,2.166666667
3617,1
3618,1.333333333
3619,2
3620,3.333333333
3621,2.166666667
3622,1.166666667
3623,2.666666667
3624,0.333333333
3625,1.166666667
3626,3.5
3627,0.833333333
3628,2.166666667
3629,1.833333333
3630,1.833333333
3631,0.333333333
3632,2
3633,2
3634,3.166666667
3635,2
3636,2.166666667
3637,2
3638,0.666666667
3639,1.666666667
3640,3.5
3641,1.833333333
3642,2.166666667
3643,2
3644,2.333333333
3645,0.666666667
3646,3.166666667
3647,3.5
3648,2.833333333
3649,4.5
3650,3.333333333
3651,2.333333333
3652,1.833333333
3653,2.833333333
3654,3.333333333
3655,2.5
3656,3.333333333
3657,5.666666667
3658,1.666666667
3659,0.333333333
3660,2.166666667
3661,1.666666667
3662,1
3663,1.333333333
3664,1.166666667
3665,1.5
3666,1
3667,1.5
3668,0.833333333
3669,2.666666667
3670,4.666666667
3671,4.5
3672,2.333333333
3673,1.666666667
3674,2
3675,1.666666667
3676,2.5
3677,4
3678,2.333333333
3679,1.166666667
3680,0.333333333
3681,3.166666667
3682,4.5
3683,2
3684,4.5
3685,3.166666667
3686,2.166666667
3687,1
3688,1.833333333
3689,1
3690,2.833333333
3691,2.166666667
3692,1.166666667
3693,2.333333333
3694,0.666666667
3695,2
3696,2.5
3697,3.833333333
3698,2.166666667
3699,2.166666667
3700,2.5
3701,2
3702,4.333333333
3703,1.833333333
3704,3.333333333
3705,0.833333333
3706,1.833333333
3707,3.166666667
3708,1.5
3709,2.333333333
3710,2.666666667
3711,6.333333333
3712,2.833333333
3713,4
3714,2.166666667
3715,0.333333333
3716,4.333333333
3717,5
3718,4.833333333
3719,3.5
3720,4.333333333
3721,1.5
3722,0.833333333
3723,1.666666667
3724,7.333333333
3725,5.833333333
3726,4
3727,4.333333333
3728,4.833333333
3729,0.833333333
3730,0.666666667
3731,6.5
3732,4.166666667
3733,3
3734,2.166666667
3735,1.666666667
3736,0.833333333
3737,2
3738,2
3739,3.333333333
3740,3.5
3741,2.166666667
3742,1.166666667
3743,0.166666667
3744,3
3745,2.666666667
3746,1.166666667
3747,1.5
3748,2.333333333
3749,1.5
3750,0.5
3751,2.166666667
3752,2.166666667
3753,0.833333333
3754,0.666666667
3755,2.666666667
3756,2
3757,0.166666667
3758,1.333333333
3759,0.5
3760,1
3761,2.5
3762,2.166666667
3763,1.166666667
3764,0.333333333
3765,2.833333333
3766,0.833333333
3767,2.5
3768,0.833333333
3769,1.666666667
3770,1.5
3771,0.166666667
3772,2
3773,2.666666667
3774,1.166666667
3775,2.5
3776,3
3777,1.166666667
3778,1
3779,2.166666667
3780,1.666666667
3781,2.166666667
3782,1.166666667
3783,2.333333333
3784,2.5
3785,0.333333333
3786,1.666666667
3787,2.5
3788,3
3789,2.833333333
3790,1.833333333
3791,0.666666667
3792,0.666666667
3793,1.833333333
3794,1.833333333
3795,1.833333333
3796,3.333333333
3797,0.5
3798,1.666666667
3799,0.5
3800,1.5
3801,2.5
3802,3.333333333
3803,1.833333333
3804,2
3805,0.833333333
3806,0.166666667
3807,0.833333333
3808,0.5
3809,1.5
3810,2
3811,3.666666667
3812,1.5
3813,0.666666667
3814,1
3815,0.833333333
3816,2
3817,2.333333333
3818,7
3819,2.333333333
3820,1
3821,1.333333333
3822,2.833333333
3823,2.5
3824,2.333333333
3825,2.333333333
3826,2
3827,1.166666667
3828,2.5
3829,2.833333333
3830,1
3831,5.333333333
3832,3.333333333
3833,2.333333333
3834,2.166666667
3835,2
3836,3.5
3837,2.666666667
3838,4.666666667
3839,3
3840,2.333333333
3841,1.833333333
3842,1.666666667
3843,3.333333333
3844,5
3845,3
3846,4.333333333
3847,1.833333333
3848,0.5
3849,3.833333333
3850,8
3851,4
3852,4.5
3853,3.5
3854,3.833333333
3855,1.666666667
3856,0.5
3857,3.333333333
3858,2.5
3859,3
3860,2.666666667
3861,2.5
3862,1.166666667
3863,2.166666667
3864,3.666666667
3865,4
3866,2.833333333
3867,2.833333333
3868,1.833333333
3869,0.666666667
3870,2.333333333
3871,2
3872,1.833333333
3873,1.166666667
3874,1.166666667
3875,1.666666667
3876,1.333333333
3877,1.666666667
3878,3.5
3879,2.666666667
3880,1.166666667
3881,2.666666667
3882,1
3883,0.5
3884,2.166666667
3885,3.5
3886,1.333333333
3887,2.5
3888,5.5
3889,1.166666667
3890,0.833333333
3891,1.5
3892,2.5
3893,2
3894,0.666666667
3895,0.333333333
3896,0.833333333
3897,1
3898,1.333333333
3899,1.5
3900,4.5
3901,3.333333333
3902,2.5
3903,2.333333333
3904,0.666666667
3905,0.333333333
3906,1.5
3907,1.5
3908,0.666666667
3909,1.333333333
3910,0.666666667
3911,1.333333333
3912,0.833333333
3913,1.5
3914,5.5
3915,3.666666667
3916,3.166666667
3917,2.166666667
3918,0.333333333
3919,2
3920,0.5
3921,1.5
3922,4.333333333
3923,4.5
3924,0.666666667
3925,0.666666667
3926,1
3927,1.666666667
3928,3
3929,4.166666667
3930,3.5
3931,1
3932,0.5
3933,0.666666667
3934,1.166666667
3935,2.5
3936,1.5
3937,2
3938,1.333333333
3939,1.166666667
3940,0.5
3941,1.5
3942,2.5
3943,2.666666667
3944,1.5
3945,0.5
3946,0.166666667
3947,2.5
3948,1.666666667
3949,1.833333333
3950,2.666666667
3951,2.166666667
3952,0.333333333
3953,1.5
3954,1.666666667
3955,2.5
3956,2.5
3957,1.666666667
3958,0.833333333
3959,1
3960,0.833333333
3961,1
3962,1.666666667
3963,1.333333333
3964,1.833333333
3965,1.166666667
3966,0.5
3967,0.833333333
3968,0.5
3969,1.333333333
3970,1.333333333
3971,1.166666667
3972,2.333333333
3973,0.833333333
3974,0.333333333
3975,0.666666667
3976,1
3977,2.5
3978,2.333333333
3979,0.833333333
3980,1.166666667
3981,0.5
3982,0.666666667
3983,1.166666667
3984,0.833333333
3985,1.333333333
3986,1.833333333
3987,1.833333333
3988,1
3989,1.833333333
3990,2.333333333
3991,1.666666667
3992,2.333333333
3993,1
3994,0.5
3995,0.333333333
3996,1.166666667
3997,0.833333333
3998,1.333333333
3999,1
4000,1
4001,0.333333333
4002,0.5
4003,0.666666667
4004,1.166666667
4005,1.5
4006,0.666666667
4007,2
4008,2.166666667
4009,1.166666667
4010,1.166666667
4011,1.833333333
4012,3.166666667
4013,1.666666667
4014,1.333333333
4015,0.5
4016,0.5
4017,1.5
4018,1.666666667
4019,2.666666667
4020,1.333333333
4021,0.666666667
4022,1.166666667
4023,3.666666667
4024,1.5
4025,1.333333333
4026,1.333333333
4027,0.666666667
4028,1.333333333
4029,1.333333333
4030,1.666666667
4031,1
4032,0.333333333
4033,1
4034,1
4035,0.5
4036,0.666666667
4037,2
4038,1.333333333
4039,1.5
4040,2.5
4041,1.5
4042,0.833333333
4043,1.5
4044,4
4045,2.166666667
4046,1
4047,2.333333333
4048,3
4049,2.5
4050,0.5
4051,4.166666667
4052,1
4053,1.833333333
4054,2.666666667
4055,1.666666667
4056,1.5
4057,1
4058,1.5
4059,2.166666667
4060,2
4061,0.166666667
4062,0.666666667
4063,0.333333333
4064,0.666666667
4065,0.166666667
4066,1.5
4067,1.666666667
4068,0.833333333
4069,2.5
4070,1
4071,1.333333333
4072,3.166666667
4073,3.166666667
4074,2.833333333
4075,2.666666667
4076,0.833333333
4077,0.333333333
4078,0.833333333
4079,2
4080,1.5
4081,2.333333333
4082,2.333333333
4083,2.666666667
4084,2.166666667
4085,0.5
4086,1.333333333
4087,0.833333333
4088,1.333333333
4089,1.5
4090,0.666666667
4091,1.166666667
4092,1.666666667
4093,2.5
4094,1.333333333
4095,1.333333333
4096,3.166666667
4097,1.166666667
4098,0.166666667
4099,0.666666667
4100,1.333333333
4101,0.666666667
4102,1
4103,1.666666667
4104,1
4105,0.833333333
4106,1
4107,1.166666667
4108,1.166666667
4109,1.5
4110,0.166666667
4111,0.333333333
4112,0.5
4113,0.666666667
